ck_oo_numberOfPrivateMethods,LDHH_lcom,LDHH_fanIn,numberOfNonTrivialBugsFoundUntil:,WCHU_numberOfPublicAttributes,WCHU_numberOfAttributes,CvsWEntropy,LDHH_numberOfPublicMethods,WCHU_fanIn,LDHH_numberOfPrivateAttributes,CvsEntropy,LDHH_numberOfPublicAttributes,WCHU_numberOfPrivateMethods,WCHU_numberOfMethods,ck_oo_numberOfPublicAttributes,ck_oo_noc,numberOfCriticalBugsFoundUntil:,ck_oo_wmc,LDHH_numberOfPrivateMethods,WCHU_numberOfPrivateAttributes,CvsLogEntropy,WCHU_noc,LDHH_numberOfAttributesInherited,WCHU_wmc,ck_oo_fanOut,ck_oo_numberOfLinesOfCode,ck_oo_numberOfAttributesInherited,ck_oo_numberOfMethods,ck_oo_dit,ck_oo_fanIn,LDHH_noc,WCHU_dit,ck_oo_lcom,WCHU_numberOfAttributesInherited,ck_oo_rfc,LDHH_wmc,LDHH_numberOfAttributes,LDHH_numberOfLinesOfCode,WCHU_fanOut,WCHU_lcom,ck_oo_cbo,WCHU_rfc,ck_oo_numberOfAttributes,numberOfHighPriorityBugsFoundUntil:,ck_oo_numberOfPrivateAttributes,numberOfMajorBugsFoundUntil:,WCHU_numberOfPublicMethods,LDHH_dit,WCHU_cbo,CvsLinEntropy,WCHU_numberOfMethodsInherited,numberOfBugsFoundUntil:,LDHH_fanOut,LDHH_numberOfMethodsInherited,LDHH_rfc,ck_oo_numberOfMethodsInherited,ck_oo_numberOfPublicMethods,LDHH_cbo,WCHU_numberOfLinesOfCode,CvsExpEntropy,LDHH_numberOfMethods,class
3,0.002547,0.002555,4,0,3.04,0.393707,0.003049,1.01,0.004091,10.1322,0,1.01,2.05,0,0,2,33,0,3.04,0.308139,0,0,3.1,5,125,0,11,1,2,0,0,55,0,36,0.004387,0.004425,0.004354,2.04,2.4,7,3.22,11,0,11,2,2.04,0,3.05,0.043005,1.01,4,0.005627,0,0.004406,8,8,0.008431,3.5,0.103594,0.003611,buggy
37,0.008643,0.004756,71,0,14.37,2.09375,0.001481,2.02,0.015332,38.2812,0,13.18,14.23,1,0,2,300,0.010354,11.3,1.12823,0,0,34.22,53,1217,0,48,1,1,0,0,1128,0,605,0.041329,0.015698,0.061578,16.3,23.21,54,39.75,67,4,38,11,3.03,0,16.31,0.149026,1.01,78,0.018761,0.001486,0.060301,7,7,0.021602,43.12,0.328692,0.009906,buggy
3,0.001479,0.009143,5,1.01,3.08,0.484675,0,6.17,0.001953,9.49506,0.00026,2.03,2.05,0,6,0,48,0.001951,2.04,0.287726,2.06,0,4.38,16,214,0,8,1,11,0,0,28,0,79,0.00466,0.002373,0.002221,3.12,2.25,26,3.64,7,0,4,1,0,0,8.28,0.043268,1.01,5,0.003117,0.001486,0.002325,7,2,0.011859,4.68,0.125841,0.001655,clean
10,0.005642,0.005395,38,0,1.06,0.811584,0.000876,6.07,0.000739,27.5814,0,7.09,7.08,0,0,4,187,0.004355,1.03,0.756585,0,0,18.7,37,535,1,25,1,6,0,0,300,0,268,0.028494,0.000759,0.034402,10.13,8.87,39,22.48,1,0,0,6,1.03,0,11.13,0.080838,2.02,40,0.020376,0.002338,0.030608,17,10,0.020478,24.06,0.170416,0.007,buggy
1,0.00135,0,1,1.01,1.01,0.03194,0.000876,0,0,7.55094,0.000402,1.01,2.02,1,0,0,10,0.000577,0,0.204387,0,0,2.04,1,31,1,8,2,1,0,0,28,0,12,0.001433,0.000615,0.001485,1.01,2.13,2,2.06,1,0,0,0,1.01,0,1.01,0.02254,3.05,1,0.000566,0.003017,0.001492,22,7,0.000652,2.13,0.055912,0.001572,buggy
0,0,0,1,0,0,0,0,0,0,0,0,0,0,0,0,0,0,0,0,0,0,0,0,0,0,0,0,1,0,0,0,0,0,0,0,0,0,0,0,0,0,0,0,0,0,0,0,0,0,0,1,0,0,0,7,0,0,0,0,0,clean
8,0.000667,0,7,0,2.04,0.748927,0,0,0.002712,7.74631,0,1.06,1.06,0,0,2,49,0,2.04,0.255544,0,0,5.32,16,198,29,13,2,0,0,0,78,4.06,118,0.008936,0.00262,0.00876,2.06,1.93,16,4.51,6,0,6,3,0,0,2.06,0.039137,1.01,7,0.008318,0,0.004431,24,2,0.008008,6.08,0.117569,0.000473,buggy
0,0,0,1,0,0,0,0,0,0,0,0,0,0,0,0,0,2,0,0,0,0,0,0,2,26,0,2,1,0,0,0,1,0,18,0,0,0,0,0,2,0,0,0,0,0,0,0,0,0,0,1,0,0,0,9,2,0,0,0,0,clean
22,0.014309,0.000453,21,3.04,3.13,0.519229,0,1.01,0.000507,19.6679,0.001366,10.24,9.23,0,0,1,168,0.01494,1.09,0.49991,0,0,18.86,29,516,0,24,1,1,0,0,276,0,337,0.019782,0.0016,0.02181,10.25,12.51,29,17.27,13,0,9,1,0,0,10.25,0.044185,1.01,21,0.011728,0.001486,0.019341,7,0,0.011908,22,0.079902,0.015668,buggy
4,0.002488,0.003493,4,0,0,0.096672,0.002408,1.01,0,5.64169,0,0,1.02,7,1,0,36,0,0,0.1548,0,0,2.05,8,114,0,20,1,4,0,0,190,0,66,0.004098,0,0.003263,1.01,1.37,12,2.07,18,0,11,0,1.02,0,2.02,0.015663,1.02,4,0.002039,0.002673,0.003906,22,16,0.005788,2.13,0.02762,0.00273,buggy
0,0.003337,0.002402,2,1.02,0,0.034083,0,2.03,0.006087,5.76365,0.006808,0,1.01,0,3,0,7,0,1.01,0.168368,1.01,0,0,2,21,0,9,1,8,0.001069,0,36,0,12,0,0,0,0,1.08,10,1.01,2,0,1,0,0,0,2.03,0.022432,1.01,2,0,0.001486,0.00305,7,5,0.002415,0,0.068437,0.003508,clean
0,0.002057,0,5,0,0,0.184141,0.001705,0,0,5.94951,0,1.01,3.05,0,0,0,4,0.001111,0,0.142004,0,0.000966,3.13,1,13,2,5,2,1,0,0,10,1.01,9,0.003187,0,0.003196,1.01,3.31,2,3.26,0,0,0,1,3.04,0,1.01,0.009387,13.4,6,0.000535,0.019677,0.003094,97,5,0.000524,3.42,0.004944,0.002633,buggy
0,0,0,1,0,0,0,0,0,0,0,0,0,0,1,0,0,28,0,0,0,0,0,0,0,153,0,3,1,1,0,0,3,0,7,0,0,0,0,0,1,0,2,0,1,0,0,0,0,0,0,1,0,0,0,7,2,0,0,0,0,clean
0,0,0,1,0,0,0,0,0,0,0,0,0,0,0,0,0,2,0,0,0,0,0,0,1,6,0,2,1,0,0,0,1,0,3,0,0,0,0,0,1,0,0,0,0,0,0,0,0,0,0,1,0,0,0,7,2,0,0,0,0,clean
0,0.000497,0,2,6.18,6.18,0.053988,0,0,0,4.65956,0.01632,1.01,1.03,74,0,0,0,0.001117,0,0.116139,0,0.002083,1.08,0,0,3,0,2,0,0,0,0,1.03,0,0.000633,0.017758,0.000678,1.06,1.03,0,1.26,76,0,1,0,1.02,0,1.06,0.00846,1.02,2,0.002039,0.001612,0.00069,12,0,0.001769,1.28,0.002342,0.000576,clean
0,0,0,1,0,0,0,0,0,0,0,0,0,0,0,0,0,2,0,0,0,0,0,0,2,26,0,2,1,0,0,0,1,0,18,0,0,0,0,0,2,0,0,0,0,0,0,0,0,0,0,1,0,0,0,9,2,0,0,0,0,clean
1,0.0017,0.001019,7,0,5.05,0.225884,0.00115,1.01,0.001935,14.9282,0,1.01,3.05,0,0,1,29,0.000672,4.04,0.356326,0,0.000814,8.18,18,122,3,7,2,2,0,1.01,21,1.03,52,0.006468,0.002458,0.006698,5.12,3.2,19,5.3,8,0,4,3,2.03,0.000287,5.12,0.022974,2.08,9,0.00452,0.002251,0.004848,24,5,0.004816,8.46,0.004969,0.00225,buggy
0,0,0,1,0,0,0,0,0,0,0,0,0,0,0,0,0,2,0,0,0,0,0,0,2,6,0,2,1,0,0,0,1,0,8,0,0,0,0,0,2,0,0,0,0,0,0,0,0,0,0,1,0,0,0,9,2,0,0,0,0,clean
10,0.004232,0.001784,11,0,0,0.661068,0.002743,2.03,0,19.4467,0,6.07,7.11,0,0,0,98,0.002962,0,0.507472,0,0.003134,14.08,13,248,3,19,1,4,0,0,171,2.03,171,0.017277,0,0.018578,6.14,8.44,16,14.78,1,0,1,0,5.06,0,7.14,0.048074,6.07,13,0.007979,0.004318,0.017204,15,9,0.009065,17.64,0.088626,0.004729,buggy
0,0,0,1,0,0,0,0,0,0,0,0,0,0,0,0,0,0,0,0,0,0,0,0,0,0,0,0,1,0,0,0,0,0,0,0,0,0,0,0,0,0,0,0,0,0,0,0,0,0,0,1,0,0,0,7,0,0,0,0,0,clean
4,0,0,1,0,0,0.009152,0,0,0,2.75305,0,0,0,0,0,0,52,0,0,0.091169,0,0,0,3,141,0,11,1,4,0,0,55,0,66,0,0,0,1.01,0,7,0,12,0,12,0,0,0,1.01,0.015512,1.01,1,0.000801,0.001486,0,7,7,0.000783,0,0.054874,0,clean
0,0,0.001019,6,1.02,0,0.071204,0,1.01,0.000563,6.36008,0,0,0,0,0,1,39,0,1.02,0.183285,0,0,3.21,10,107,0,9,1,1,0,0,36,0,78,0.009389,0,0.009207,2.03,0,10,4.36,2,0,2,1,0,0,2.03,0.022703,0,6,0.008717,0,0.009818,0,9,0.008395,3.49,0.057702,0,clean
0,0.001949,0.0009,3,0,1.01,0.020035,0.000938,1.01,0.000675,5.41761,0,0,3.04,0,0,0,18,0,1.01,0.131371,0,0,4.13,5,33,0,9,3,5,0,0,36,0,18,0.00371,0.000615,0.002214,1.04,3.26,10,3.12,2,0,2,0,2.02,0,1.05,0.009491,3.11,3,0.000925,0.002881,0.002185,45,7,0.000932,3.19,0.010242,0.002237,buggy
0,0,0,1,0,0,0,0,0,0,0,0,0,0,0,0,0,0,0,0,0,0,0,0,0,0,0,0,1,0,0,0,0,0,0,0,0,0,0,0,0,0,0,0,0,0,0,0,0,0,0,1,0,0,0,7,0,0,0,0,0,clean
2,0,0,1,0,0,0.02046,0,0,0,1.80545,0,0,0,0,0,0,13,0,0,0.044952,0,0,0,4,56,0,11,1,0,0,0,55,0,26,0,0,0,0,0,4,0,7,0,7,0,0,0,0,0.003254,1.01,1,0,0.001486,0,7,9,0,0,0.000777,0,clean
1,0,0,3,0,0,0.044671,0,0,0,5.63536,0,0,0,0,0,0,14,0,0,0.133442,0,0,0,2,54,0,8,1,0,0,0,28,0,16,0,0,0,0,0,2,0,4,0,4,0,0,0,0,0.008342,6.08,3,0,0.007778,0,26,7,0,0,0.001137,0,clean
0,0,0,1,0,0,0,0,0,0,0,0,0,0,0,0,1,2,0,0,0,0,0,0,4,9,0,2,1,0,0,0,1,0,8,0,0,0,0,0,4,0,0,0,0,1,0,0,0,0,0,1,0,0,0,9,2,0,0,0,0,clean
0,0,0,1,0,0,0,0,0,0,0,0,0,0,0,0,0,0,0,0,0,0,0,0,0,0,0,1,1,1,0,0,0,0,1,0,0,0,0,0,1,0,0,0,0,0,0,0,0,0,0,1,0,0,0,7,1,0,0,0,0,clean
3,0,0,3,0,0,0.028686,0,0,0,1.53632,0,0,0,0,0,0,35,0,0,0.12341,0,0,0,15,130,0,9,1,3,0,0,36,0,72,0,0,0,0,0,17,0,3,0,3,0,0,0,0,0.041271,0,3,0,0,0,7,3,0,0,0.108877,0,buggy
6,0.006652,0,9,0,3.04,1.07722,0.002869,0,0.002914,20.7622,0,3.04,7.1,0,0,0,288,0.003978,3.04,0.538207,0,0,11.55,45,1434,0,66,3,1,0,1.02,2145,0,677,0.011089,0.003625,0.014923,9.14,13.05,46,14.92,9,0,9,0,5.06,0,9.14,0.046708,2.09,13,0.006999,0.001486,0.01457,16,54,0.008523,17.23,0.06027,0.007568,buggy
0,0,0,1,0,0,0,0,0,0,0,0,0,0,0,0,0,2,0,0,0,0,0,0,2,6,0,2,1,0,0,0,1,0,8,0,0,0,0,0,2,0,0,0,0,0,0,0,0,0,0,1,0,0,0,9,2,0,0,0,0,clean
0,0,0,1,0,0,0,0,0,0,0,0,0,0,0,0,0,0,0,0,0,0,0,0,0,0,0,1,1,1,0,0,0,0,1,0,0,0,0,0,1,0,0,0,0,0,0,0,0,0,0,1,0,0,0,7,1,0,0,0,0,clean
4,0.003594,0.004039,3,0,3.03,0.12793,0.00026,3.03,0.004584,5.67634,0,0,2.04,0,0,0,38,0,3.03,0.167018,0,0,4.07,10,144,0,23,1,18,0,0,253,0,77,0.006766,0.00653,0.006037,3.03,2.82,28,4.09,16,0,11,0,2.04,0,6.06,0.021438,0,4,0.008322,0,0.006827,7,19,0.015399,4.2,0.057939,0.003448,clean
0,0,0,1,0,0,0,0,0,0,0,0,0,0,0,0,0,2,0,0,0,0,0,0,2,6,0,2,1,0,0,0,1,0,8,0,0,0,0,0,2,0,0,0,0,0,0,0,0,0,0,1,0,0,0,9,2,0,0,0,0,clean
0,0,0,1,0,0,0,0,0,0,0,0,0,0,0,0,0,0,0,0,0,0,0,0,0,0,0,1,2,1,0,0,0,0,1,0,0,0,0,0,1,0,0,0,0,0,0,0,0,0,0,1,0,0,0,7,1,0,0,0,0,clean
0,0,0,1,0,1.01,0.035403,0,0,0,4.64163,0,0,0,0,2,0,0,0,1.01,0.117441,0,0,0,0,0,0,1,1,2,0,0,0,0,1,0,0,0,0,0,2,0,1,0,1,0,0,0,0,0.010063,3.04,1,0,0.003319,0,19,0,0,0,0.018433,0,clean
0,0.00132,0.011698,4,0,0,0.122068,0.001351,3.04,0,9.84115,0,0,2.04,0,3,0,15,0,0,0.250087,2.02,0,3.12,2,39,0,12,1,5,0,0,66,0,18,0.001866,0,0.004899,1.01,2.38,6,3.07,1,0,0,0,2.04,0,3.04,0.020443,1.01,4,0.00067,0.001486,0.002184,10,12,0.009328,4.36,0.023286,0.001498,buggy
0,0,0,3,0,0,0.116713,0,0,0.006087,5.71254,0,0,0,0,0,1,17,0,1.05,0.171902,0,0,1.04,8,133,0,4,1,1,0,0,6,0,48,0.000794,0,0.008604,1.01,0,9,3.13,5,0,5,2,0,0,1.01,0.02535,1.01,3,0.002039,0.001486,0.014779,7,0,0.001769,2.24,0.083254,0,buggy
0,0,0,1,0,0,0,0,0,0,0,0,0,0,0,0,0,2,0,0,0,0,0,0,2,6,0,2,1,0,0,0,1,0,8,0,0,0,0,0,2,0,0,0,0,0,0,0,0,0,0,1,0,0,0,9,2,0,0,0,0,clean
3,0,0,4,0,1.01,0.680116,0,0,0.000628,9.006,0,0,0,0,0,0,26,0,1.01,0.214537,0,0,0,7,90,0,10,1,1,0,0,45,0,33,0,0.000627,0.001163,0,0,7,0,13,0,9,0,0,0,0,0.013972,2.05,4,0,0.002379,0,33,5,0,2.09,0.005361,0,buggy
3,0,0,2,0,1.01,0.159366,0,0,0.000628,5.38882,0,0,0,0,0,0,22,0,1.01,0.12658,0,0,0,7,76,0,10,1,1,0,0,45,0,29,0,0.000627,0.000831,0,0,7,0,9,0,6,0,0,0,0,0.007778,2.05,2,0,0.002379,0,33,5,0,1.08,0.001539,0,buggy
29,0.009306,0.0009,19,0,6.13,0.479871,0.001321,1.02,0.003851,21.5348,0,7.34,8.39,0,0,2,146,0.00911,6.11,0.566668,0,0,16.73,22,596,0,36,1,3,0,0,630,0,331,0.023444,0.003925,0.024689,6.13,18.08,23,19.3,16,1,9,3,2.02,0,6.13,0.054206,1.01,20,0.011889,0.001486,0.017347,7,3,0.012001,22.87,0.100592,0.010092,buggy
1,0.002437,0.007603,5,0,0,0.120935,0.003881,3.06,0,9.83384,0,1.01,2.02,0,5,0,17,0,0,0.262567,1.01,0,2.04,8,55,0,14,1,21,0.000718,0,91,0,39,0.004827,0,0.004615,3.03,2.25,28,2.06,4,0,1,1,2.02,0,5.08,0.023937,0,5,0.006519,0,0.005419,7,11,0.009561,2.07,0.027077,0.003881,buggy
2,0.001815,0.001019,5,0,0,0.041067,0,1.01,0,3.20728,0,0,1.02,3,0,0,46,0,0,0.087805,0,0,1.02,4,160,0,19,1,5,0,0,171,0,66,0.001493,0,0.002142,2.02,1.35,9,2.09,16,0,13,0,1.02,0,3.03,0.0091,2.03,6,0.002934,0.001486,0.00221,18,17,0.003634,2.07,0.018943,0.001773,clean
5,0.009124,0.001019,13,1.03,3.13,0.540803,0,1.01,0.006704,14.3621,0.000221,2.02,4.05,3,0,0,91,0.007732,2.02,0.390746,0,0.000814,6.35,22,424,1,29,1,2,0,0,406,1.01,205,0.014238,0.007891,0.01229,4.04,5.3,24,7.76,25,0,3,0,0,0,5.05,0.043717,1.05,18,0.004045,0.001486,0.015033,13,7,0.004792,8.36,0.104634,0.009689,clean
0,0,0,1,0,0,0,0,0,0,0,0,0,0,0,0,0,16,0,0,0,0,0,0,3,45,0,8,1,4,0,0,28,0,16,0,0,0,0,0,7,0,3,0,3,0,0,0,0,0,0,1,0,0,0,11,7,0,0,0,0,clean
1,0,0,0,0,0,0,0,0,0,0,0,0,0,0,0,0,8,0,0,0,0,0,0,6,28,0,3,1,3,0,0,3,0,26,0,0,0,0,0,9,0,0,0,0,0,0,0,0,0,0,0,0,0,0,7,2,0,0,0,0,clean
0,0,0,1,0,0,0,0,1.01,0,0,0,0,0,0,0,0,31,0,0,0,0,0,0,8,65,2,14,3,4,0,0,91,0,35,0,0,0,0,0,12,0,4,0,4,0,0,0,1.01,0,0,1,0,0,0,47,9,0.000654,0,0,0,buggy
1,0.007705,0.007987,2,0,0,0.070988,0.006293,1.01,0,7.71238,0,0,2.02,1,0,0,29,0,0,0.212488,0,0,1.04,4,121,0,7,1,3,0,0,21,0,71,0.000767,0,0.001489,1.01,2.11,7,3.28,1,0,0,0,2.02,0,2.02,0.02402,4.04,2,0.00107,0.007592,0.00942,12,5,0.009149,2.19,0.057892,0.008456,clean
14,0.0012,0,8,0,3.06,0.543131,0.001798,0,0.015437,10.4053,0,1.04,2.05,0,0,0,117,0,3.06,0.327027,0,0,4.16,19,393,0,32,1,7,0,0,496,0,196,0.005924,0.014311,0.011025,4.05,3.45,26,6.36,11,0,11,2,1.01,0,4.05,0.049413,0,9,0.004027,0,0.011595,7,18,0.004014,4.68,0.101643,0.001215,buggy
2,0,0,4,0,1.01,0.167939,0,0,0,6.60072,0,0,0,0,0,0,31,0,0,0.179821,0,0,2.02,10,110,0,16,1,1,0,0,120,0,49,0.001732,0,0.002341,1.01,0,11,2.02,7,0,0,1,0,0,1.01,0.020596,1.01,4,0.001148,0.001486,0.001617,19,5,0.001087,3.19,0.055432,0,clean
1,0.000549,0,6,1.03,2.05,0.116132,0.000613,0,0.001229,9.696,0.001024,1.01,1.03,0,0,0,29,0.000439,2.04,0.248248,0,0,3.21,14,116,0,8,1,2,0,0,28,0,61,0.002183,0.001133,0.011311,4.11,1.18,14,5.47,8,0,4,0,1.02,0,4.11,0.02388,2.03,6,0.003548,0.002067,0.003487,12,6,0.003773,6.65,0.055093,0.00062,clean
0,0,0.005426,3,0,0,0.026373,0,1.01,0,1.782,0,0,0,0,0,0,13,0,0,0.089201,0,0,0,2,28,0,5,1,9,0,0,10,0,11,0,0,0,0,0,11,0,3,0,3,0,0,0,1.01,0.024259,0,3,0,0,0,7,5,0.004693,0,0.086754,0,buggy
0,0,0,1,0,0,0,0,0,0,0,0,0,0,9,0,0,39,0,0,0,0,0,0,4,145,0,10,1,1,0,0,45,0,38,0,0,0,0,0,5,0,20,0,0,0,0,0,0,0,0,1,0,0,0,7,10,0,0,0,0,clean
0,0,0,2,0,0,0.012287,0,0,0,2.23731,0,0,0,0,0,0,4,0,0,0.053999,0,0,0,2,12,0,3,1,1,0,0,3,0,7,0,0,0.000708,0,0,3,0,0,0,0,0,0,0,0,0.003552,3.05,2,0,0.002549,0,9,3,0,1.06,0.000455,0,buggy
4,0.001685,0.000571,10,1.02,3.03,0.72654,0.000326,1.01,0.002566,12.6435,0.000697,2.03,3.04,2,0,3,36,0.001447,2.02,0.328829,0,0,9.27,5,108,0,10,1,1,0,0,45,0,55,0.006936,0.002786,0.007523,2.02,3.3,6,6.34,4,0,2,4,2.02,0,2.03,0.028244,3.04,12,0.002132,0.00247,0.006876,24,3,0.002283,9.88,0.030902,0.001771,clean
30,0,0,10,0,2.07,0.184042,0,0,0.000783,11.7006,0,0,0,1,0,0,165,0,1.01,0.305974,0,0,3.03,24,610,0,37,1,2,0,0,666,0,397,0.001995,0.001417,0.001141,6.06,0,26,6.16,38,0,23,1,0,0,5.05,0.029455,1.01,11,0.009052,0.001486,0.003464,9,6,0.007987,2.04,0.056803,0,clean
3,0.001162,0.001337,5,0,2.02,0.227813,0.000635,1.01,0.008621,6.31789,0,0,1.01,0,0,0,30,0,2.02,0.219534,0,0,3.05,19,124,0,13,1,0,0,0,78,0,85,0.012858,0.007724,0.012927,4.06,1.13,19,3.26,8,0,6,0,1.01,0,4.07,0.040618,0,5,0.008153,0,0.013772,17,10,0.015573,3.22,0.124534,0.000874,buggy
0,0,0,1,0,0,0,0,0,0,0,0,0,0,0,0,0,0,0,0,0,0,0,0,0,0,0,1,1,1,0,0,0,0,1,0,0,0,0,0,1,0,0,0,0,0,0,0,0,0,0,1,0,0,0,7,1,0,0,0,0,clean
0,0,0,1,0,0,0.001059,0,0,0,1.45568,0,0,0,0,0,0,1,0,0,0.035206,0,0,0,2,4,7,1,2,0,0,0,0,0,3,0,0,0.00077,2.02,0,2,1.03,0,0,0,0,0,0,2.02,0.00233,5.11,1,0.003109,0.005594,0.000727,38,1,0.002909,1.01,0.000312,0,clean
0,0,0,1,0,0,0,0,0,0,0,0,0,0,0,0,1,2,0,0,0,0,0,0,4,9,0,2,1,0,0,0,1,0,8,0,0,0,0,0,4,0,0,0,0,1,0,0,0,0,0,1,0,0,0,9,2,0,0,0,0,clean
1,0.000157,0,3,1.01,0,0.141696,0.000219,0,0.000396,7.35911,0.000276,1.01,1.02,0,0,0,5,0.000591,1.01,0.171798,0,0,1.01,4,13,0,2,1,0,0,0,1,0,9,0.000516,0,0.000541,1.02,1.05,4,1.02,1,0,1,0,1.03,0,1.02,0.010303,2.04,3,0.000396,0.001702,0.000534,7,1,0.000446,1.05,0.00163,0.000322,buggy
0,0.001163,0.001019,7,0,2.02,0.109973,0.00115,1.01,0.000975,12.8303,0,0,2.04,0,0,0,23,0,2.02,0.307556,0,0.000814,4.12,17,107,3,6,2,2,0,1.01,15,1.03,46,0.002881,0.001258,0.004944,4.11,2.14,18,4.25,7,0,7,2,2.04,0.000287,4.11,0.020132,2.08,9,0.00415,0.002251,0.003621,24,6,0.004255,6.44,0.004824,0.00146,clean
0,0,0,8,7.22,8.23,0.075157,0,0,0.000616,10.6126,0.01673,0,0,21,0,0,0,0,1.01,0.31044,0,0.003652,0,0,0,3,0,2,0,0,1.01,0,3.05,0,0,0.017561,0,0,0,0,0,22,0,1,0,0,0.000364,0,0.040351,3.06,8,0,0.003534,0,12,0,0,0,0.118848,0,buggy
49,0.024636,0.001617,57,1.01,8.14,2.67075,0,4.04,0.008751,36.0219,0.000697,16.3,16.32,7,0,4,534,0.024691,8.13,0.993943,0,0,37.23,38,1543,0,64,1,5,0,0,2016,0,1009,0.047436,0.010685,0.056661,14.22,32.49,39,43.4,32,0,25,11,1.02,0,14.22,0.107839,2.03,58,0.032836,0.001835,0.055918,17,11,0.033619,48.68,0.221266,0.027806,buggy
1,0.001264,0.000684,4,1.01,0,0.106124,0.000876,1.01,0,7.69165,0.006808,1.01,2.02,1,0,1,36,0.000617,0,0.211378,0,0,5.21,9,116,0,14,2,5,0,1.01,91,0,43,0.004647,0,0.012545,6.09,2.25,13,5.23,1,0,0,1,1.01,0,7.1,0.023963,3.03,4,0.005126,0.003316,0.011273,13,9,0.006487,6.72,0.059224,0.001453,buggy
3,0.001386,0.017886,7,0,1.01,0.221717,0.000303,5.07,0,8.65833,0,1.01,2.02,0,1,0,86,0.00063,0,0.222256,0,0.003413,3.09,16,248,5,50,1,25,0,0,1225,1.01,114,0.002421,0.001166,0.002421,2.03,2.97,38,3.16,20,0,16,1,1.01,0,6.09,0.017921,0,7,0.003586,0,0.00252,33,47,0.018459,3.33,0.011762,0.00151,buggy
0,0,0,2,0,0,0.03215,0,0,0,4.04276,0,0,0,0,0,0,6,0,0,0.098951,0,0,0,5,23,0,5,1,2,0,0,10,0,11,0,0,0,0,0,7,0,3,0,3,0,0,0,0,0.006805,0,2,0,0,0,7,5,0,0,0.001232,0,clean
0,0,0,4,0,0,0.1925,0,0,0,3.68818,0,0,0,0,0,0,49,0,0,0.135548,0,0,3.12,12,117,0,7,3,3,0,0,21,0,42,0.009477,0,0.008893,0,0,15,3.08,4,0,4,1,0,0,0,0.024472,0,4,0,0,0.008618,45,5,0,3.13,0.088304,0,buggy
1,0,0,1,0,0,0,0,0,0,0,0,0,0,0,1,0,6,0,0,0,0,0,0,4,20,0,5,1,3,0,0,10,0,16,0,0,0,0,0,7,0,3,0,3,0,0,0,0,0,0,1,0,0,0,7,3,0,0,0,0,buggy
5,0.000612,0,3,1.01,1.01,0.037379,0.000475,0,0,6.16292,0.000407,0,1.01,3,0,0,30,0,0,0.158311,0,0.003837,1.04,3,66,2,10,3,1,0,0,45,2.02,36,0.000694,0.000564,0.00069,2.02,1.09,4,2.05,4,0,1,0,1.01,0,2.02,0.013802,2.03,3,0.001367,0.002164,0.001352,29,5,0.001435,1.09,0.021918,0.000639,buggy
7,0,0,1,0,0,0,0,0,0,0,0,0,0,0,0,0,66,0,0,0,0,0,0,4,262,0,8,1,2,0,0,28,0,101,0,0,0,0,0,6,0,0,0,0,0,0,0,0,0,0,1,0,0,0,7,1,0,0,0,0,clean
1,0.007877,0.009937,8,1.02,1.02,0.308881,0.000876,4.05,0.006087,15.07,0.006808,1.01,2.05,2,0,1,149,0.000791,1.02,0.42891,0,0,4.29,29,654,0,35,1,8,0,0,595,0,220,0.010416,0.000759,0.011845,7.1,3.6,35,5.39,12,0,3,2,1.01,0,7.12,0.054762,2.02,11,0.020044,0.002338,0.011292,26,20,0.018518,6.87,0.126098,0.008526,buggy
0,0.000573,0,0,0,0,0.036488,0.000359,0,0,6.55322,0,0,1.03,0,1,0,1,0,0,0.147474,0,0,0,0,3,0,1,1,0,0,0,0,0,1,0,0,0,0,1.06,0,1.03,0,0,0,0,1.03,0,0,0.007707,2.02,0,0,0.002027,0.000635,11,1,0,0,0.000155,0.000668,clean
0,0.000708,0,1,0,0,0.009632,0,0,0,5.0342,0,0,1.02,0,0,0,12,0,0,0.142066,0,0,1.08,5,25,0,7,3,4,0,0,21,0,16,0.000794,0,0.008604,1.05,1.11,9,1.11,2,0,2,0,0,0,1.05,0.018095,2.09,1,0.000925,0.002338,0.000832,45,5,0.000932,2.15,0.054915,0.00086,buggy
4,0.001759,0.008253,5,0,1.01,0.311328,0.002598,9.37,0,9.68165,0,3.04,2.1,0,0,0,72,0.00183,0,0.224078,0,0,6.35,7,257,0,18,1,19,0,0,153,0,128,0.008207,0.000759,0.004346,2.04,3.25,26,4.69,4,0,0,1,3.07,0,9.41,0.012947,1.01,5,0.002044,0.001486,0.003596,7,11,0.009288,6.44,0.000919,0.001968,clean
0,0,0,7,7.74,7.75,0.126347,0,0,0.000616,10.0342,0.008735,0,0,61,0,0,0,0,1.01,0.282877,0,0.003652,0,0,0,3,0,2,0,0,1.01,0,3.05,0,0,0.010551,0,0,0,0,0,62,0,1,0,0,0.000364,0,0.033086,3.06,7,0,0.003534,0,12,0,0,0,0.077103,0,buggy
9,0.009134,0.001337,5,0,4.06,0.301141,0.006257,1.01,0.008558,7.23456,0,1.01,3.05,0,0,0,102,0.001258,4.06,0.208509,0,0,4.2,28,367,0,39,2,2,0,0,741,0,217,0.011606,0.009949,0.011543,6.09,4.87,29,4.29,19,0,17,0,2.02,0,6.08,0.02539,0,5,0.021196,0,0.011632,22,29,0.020817,4.67,0.060921,0.009445,buggy
0,0,0,1,0,0,0,0,0,0,0,0,0,0,0,0,0,3,0,0,0,0,0,0,0,12,0,3,1,0,0,0,3,0,3,0,0,0,0,0,0,0,0,0,0,0,0,0,0,0,1.01,1,0,0.001486,0,10,3,0,0,0,0,buggy
0,0,0,1,0,0,0.033097,0,0,0,2.99799,0,0,0,0,0,0,2,0,0,0.067648,0,0,0,0,6,0,2,1,0,0,0,1,0,2,0,0,0,0,0,0,0,2,0,2,0,0,0,0,0.003568,1.03,1,0,0.001486,0,18,2,0,0,0.000078,0,clean
1,0,0,1,0,0,0,0,0,0,0,0,0,0,0,0,0,17,0,0,0,0,0,0,6,57,0,7,1,1,0,0,21,0,21,0,0,0,0,0,7,0,5,0,5,0,0,0,0,0,0,1,0,0,0,26,5,0,0,0,0,clean
5,0,0,7,0,0,0.124285,0,0,0,6.72772,0,0,0,0,0,1,40,0,0,0.226623,0,0,3.06,12,134,0,8,1,1,0,0,28,0,63,0.002014,0,0.016512,1.01,0,12,5.08,4,1,4,2,0,0,1.01,0.03915,1.01,7,0.000925,0.001486,0.013237,7,1,0.000932,6.24,0.068796,0,buggy
1,0.001281,0,1,0,0,0.006273,0.001236,0,0,3.38341,0,0,2.02,0,0,0,19,0,0,0.075716,0,0.000966,2.06,4,45,9,8,2,1,0,1.01,28,1.02,26,0.001415,0,0.001436,2.02,2.13,5,2.07,2,0,2,0,2.02,0,2.02,0.00388,2.02,1,0.001456,0.001761,0.001467,10,5,0.001479,2.11,0.000062,0.001528,buggy
2,0.001477,0.002133,5,2.06,2.02,0.401919,0.001096,2.02,0.000954,8.96461,0.00208,1.02,2.1,0,1,0,31,0.000254,1.04,0.216101,0,0,3.07,5,103,0,21,1,6,0,0,210,0,49,0.002539,0.001697,0.002664,3.08,3.55,11,3.22,4,0,4,0,1.08,0,4.08,0.014448,0,5,0.002203,0,0.002559,0,19,0.003531,3.58,0.004497,0.001538,buggy
1,0,0,1,0,0,0.030161,0,0,0,1.11258,0,0,0,0,0,0,3,0,0,0.037395,0,0,0,6,15,0,3,1,0,0,0,3,0,14,0,0,0,0,0,6,0,0,0,0,0,0,0,0,0.005682,0,1,0,0,0,9,2,0,0,0.017351,0,clean
5,0.001228,0,13,0,1.01,1.0227,0.001018,0,0,17.6953,0,0,2.02,2,0,1,40,0,0,0.532231,0,0,5.16,21,208,0,16,1,2,0,0,120,0,82,0.011147,0.00202,0.022106,3.05,2.29,21,6.14,16,0,0,1,2.02,0,3.05,0.073693,1.02,16,0.003749,0.001486,0.010727,15,8,0.003729,8.61,0.199519,0.00159,buggy
2,0,0,4,0,0,0.078182,0,0,0,13.0076,0,2.03,0,0,0,0,40,0.001409,0,0.339456,0,0,1.02,9,200,0,11,1,1,0,0,55,0,80,0.001624,0,0.002947,1.01,0,10,2.03,7,0,2,1,0,0,1.01,0.032448,1.01,4,0.001212,0.001486,0.002289,7,3,0.001563,2.04,0.061525,0,buggy
0,0,0,1,0,0,0,0,0,0,0,0,0,0,1,0,0,4,0,0,0,0,0.006273,0,3,13,1,4,2,2,0,0,6,1.01,7,0,0,0,0,0,4,0,1,0,0,0,0,0,0,0,1.01,1,0,0.003125,0,16,3,0,0,0,0,clean
0,0,0.008452,3,0,0,0.095036,0,8.1,0,7.23232,0,0,0,0,1,0,4,0,0,0.16858,1.01,0,0,0,13,0,4,1,20,0,0,6,0,5,0,0,0,1.01,0,20,0,2,0,1,0,0,0,9.11,0.01007,1.03,3,0.004607,0.001486,0,18,4,0.012304,0,0.001613,0,buggy
14,0,0,1,0,0,0,0,0,0,0,0,0,0,0,0,0,73,0,0,0,0,0.014114,0,19,399,28,17,1,2,0,0,136,1.01,171,0,0,0,0,0,20,0,5,0,5,0,0,0,0,0,0,1,0,0,0,7,2,0,0,0,0,buggy
0,0,0,1,0,0,0,0,0,0,0,0,0,0,0,0,0,2,0,0,0,0,0,0,4,8,0,2,1,0,0,0,1,0,8,0,0,0,0,0,4,0,0,0,0,0,0,0,0,0,0,1,0,0,0,9,2,0,0,0,0,clean
0,0,0,2,0,0,0.006019,0,0,0,0.816746,0,0,0,0,0,0,5,0,0,0.044113,0,0,0,5,19,0,2,3,1,0,0,1,0,9,0,0,0,0,0,6,0,0,0,0,0,0,0,0,0.012841,0,2,0,0,0,15,2,0,0,0.047668,0,clean
0,0,0,1,0,0,0.003835,0,0,0,1.56389,0,0,0,2,0,0,1,0,0,0.034973,0,0,0,0,4,0,1,1,2,0,0,0,0,1,0,0,0,0,0,2,0,2,0,0,0,0,0,0,0.001787,1.01,1,0,0.001486,0,7,0,0,0,0.000027,0,clean
0,0.000657,0,2,0,1.02,0.061577,0,0,0,3.47713,0,0,1.03,0,0,0,21,0,0,0.085719,0,0,1.07,6,61,0,11,1,0,0,0,55,0,27,0.001262,0.001279,0.001182,1.02,1.27,6,1.1,2,0,0,1,1.03,0,1.02,0.00604,1.03,2,0.001054,0,0.001103,17,11,0.001306,1.16,0.001398,0.000578,clean
0,0,0,0,0,0,0.023337,0,0,0,3.36934,0,0,0,0,0,0,10,0,0,0.079924,0,0,0,0,30,0,11,1,1,0,0,55,0,21,0,0,0,2.02,0,1,0,0,0,0,0,0,0,2.02,0.005041,1.01,0,0.005532,0.001486,0,16,11,0.005471,0,0.000804,0,clean
0,0.002547,0.006379,6,0,1.01,0.280545,0.000965,4.04,0.002083,10.7773,0,0,2.03,0,0,2,85,0,1.01,0.308028,0,0,4.11,17,231,3,16,2,5,0,0,120,0,138,0.005382,0.002692,0.005414,2.03,2.42,20,3.11,5,0,1,3,1.01,0,5.07,0.035795,1.01,6,0.00404,0.003052,0.004749,20,8,0.008179,4.32,0.078168,0.003611,buggy
0,0,0,0,0,0,0.046242,0,0,0,6.12239,0,0,0,0,0,0,8,0,0,0.171093,0,0,0,3,31,0,8,1,4,0,0,28,0,18,0,0,0,0,0,7,1.01,1,0,0,0,0,0,0,0.020553,1.01,0,0,0.001486,0.000632,7,6,0,0,0.055678,0,buggy
0,0,0,1,0,0,0,0,0,0,0,0,0,0,0,0,0,1,0,0,0,0,0,0,1,3,0,1,1,0,0,0,0,0,2,0,0,0,0,0,1,0,0,0,0,0,0,0,0,0,0,1,0,0,0,8,1,0,0,0,0,clean
0,0,0,0,0,0,0.023337,0,0,0,3.36934,0,0,0,0,0,0,5,0,0,0.079924,0,0,0,4,13,0,3,1,0,0,0,3,0,8,0,0,0,1.01,0,4,0,0,0,0,0,0,0,1.01,0.005041,1.01,0,0.000925,0.001486,0,16,1,0.000932,0,0.000804,0,clean
0,0,0.001625,5,0,1.01,0.554407,0,1.01,0,9.77668,0,0,0,0,0,0,9,0,0,0.286879,0,0,1.01,3,39,0,4,1,5,0,0,6,0,10,0.001,0,0.001285,0,0,7,1.01,4,0,1,1,0,0,1.01,0.038283,1.01,5,0,0.001486,0.001846,7,2,0.001464,1.05,0.090257,0,buggy
2,0,0,1,0,0,0.088277,0,0,0,1.45568,0,0,0,1,0,0,18,0,0,0.035206,0,0,0,16,81,0,12,1,0,0,0,66,0,53,0,0,0,2.02,0,16,0,2,0,1,0,0,0,2.02,0.00233,0,1,0.003586,0,0,17,10,0.00324,0,0.000312,0,buggy
0,0,0.023417,4,0,2.03,0.214961,0,10.26,0,8.82648,0,0,0,0,0,0,3,0,0,0.215315,0,0,0,0,11,0,3,1,27,0,0,3,0,3,0,0.002108,0,0,0,27,0,13,0,2,0,0,0,10.26,0.015146,2.03,4,0,0.002594,0,15,3,0.023528,0,0.007314,0,buggy
0,0,0.007051,1,0,0,0.031251,0,2.02,0,6.81721,0,0,0,0,0,0,10,0,0,0.186142,0,0,0,5,47,0,4,1,4,0,0,6,0,17,0,0,0,1.01,0,9,0,3,0,2,0,0,0,3.03,0.021224,1.01,1,0.004607,0.001486,0,7,4,0.010696,0,0.055646,0,buggy
0,0,0,1,0,0,0,0,0,0,0,0,0,0,0,0,0,2,0,0,0,0,0,0,2,6,0,2,1,0,0,0,1,0,8,0,0,0,0,0,2,0,0,0,0,0,0,0,0,0,0,1,0,0,0,9,2,0,0,0,0,clean
4,0.004006,0,7,0,1.02,0.429172,0.003504,0,0.002378,10.3796,0,2.04,3.09,0,0,0,37,0.002699,1.02,0.30198,0,0,4.32,16,188,0,10,1,1,0,0,45,0,115,0.00952,0.002641,0.008304,10.14,3.54,17,4.94,3,0,3,0,2.05,0,10.14,0.036834,1.01,9,0.018293,0.001486,0.009565,8,6,0.01875,5.5,0.092359,0.004362,clean
0,0,0.000375,3,0,0,0.113243,0,1.01,0,6.44925,0,0,0,0,0,0,3,0,0,0.156537,0,0,0,0,11,0,3,1,4,0,0,3,0,3,0,0,0,0,0,4,0,6,0,2,0,0,0,1.01,0.010857,2.03,3,0,0.002594,0,15,3,0.000596,0,0.00528,0,buggy
0,0,0,1,0,0,0,0,0,0,0,0,0,0,0,1,0,0,0,0,0,0,0,0,0,0,0,0,1,0,0,0,0,0,0,0,0,0,0,0,0,0,0,0,0,0,0,0,0,0,0,1,0,0,0,7,0,0,0,0,0,clean
2,0,0.002532,3,0,2.02,0.245985,0,3.04,0.001337,7.23572,0,0,0,0,0,0,57,0,2.02,0.168448,0,0,1.08,4,217,0,10,1,3,0,0,45,0,55,0.000249,0.001348,0.001493,2.02,0,7,1.06,3,0,3,0,0,0,5.06,0.010023,3.17,3,0.001725,0.002587,0.000803,7,8,0.004444,4.05,0.001598,0,buggy
1,0.00187,0.004611,29,0,1.01,0.588834,0.000876,3.03,0,25.1033,0,1.01,2.02,0,1,1,126,0.000791,0,0.683134,0,0.005538,12.46,22,456,16,21,2,10,0,0,210,4.05,174,0.011173,0.000759,0.022514,3.09,2.39,28,11.66,3,0,1,5,1.01,0,4.09,0.074612,8.18,29,0.004442,0.007122,0.009902,91,5,0.0066,18.67,0.119439,0.001733,buggy
8,0.003971,0.002028,14,0,3.03,0.722831,0.001289,2.02,0.003725,16.8929,0,1.01,4.06,0,0,0,109,0.001258,3.03,0.472266,0,0,10.34,21,430,0,29,1,6,0,0,406,0,199,0.020028,0.00365,0.021611,4.06,5.73,26,13.68,8,1,3,2,3.03,0,5.07,0.055402,2.08,14,0.007194,0.003262,0.02396,23,11,0.006332,13.1,0.124749,0.004046,buggy
0,0,0.002273,5,0,1.01,0.083285,0,1.01,0.002566,11.2716,0,0,0,0,2,0,67,0,1.01,0.274125,0,0,4.07,14,210,0,13,1,1,0,0,78,0,107,0.005501,0.002169,0.003881,2.03,0,15,5.17,4,0,1,1,0,0,2.02,0.019056,2.02,5,0.003498,0.003262,0.006633,17,2,0.002538,3.14,0.009488,0,buggy
0,0,0,1,0,0,0.027268,0,0,0,2.23731,0,0,0,0,0,0,15,0,0,0.053999,0,0,0,17,97,0,4,1,1,0,0,6,0,72,0,0,0,0,0,17,0,4,0,4,0,0,0,0,0.003552,0,1,0,0,0,10,4,0,0,0.000455,0,clean
0,0,0,1,0,0,0,0,0,0,0,0,0,0,0,0,0,0,0,0,0,0,0,0,0,0,0,1,1,1,0,0,0,0,1,0,0,0,0,0,1,0,0,0,0,0,0,0,0,0,0,1,0,0,0,7,1,0,0,0,0,clean
0,0.003261,0.0009,4,2.05,1.02,0.129787,0.001696,1.01,0.00185,8.59336,0.000516,2.08,4.1,0,0,0,21,0.001368,1.03,0.218639,0,0.000966,4.23,10,61,0,9,1,1,0,1.02,36,1.02,36,0.00361,0.000759,0.003975,2.03,4.83,11,5.34,3,0,3,0,3.03,0.00022,2.04,0.01857,3.18,4,0.001491,0.002483,0.004884,13,8,0.001584,5.62,0.029282,0.003864,buggy
0,0,0,1,0,0,0,0,0,0,0,0,0,0,0,0,0,0,0,0,0,0,0,0,0,0,0,1,1,1,0,0,0,0,1,0,0,0,0,0,1,0,0,0,0,0,0,0,0,0,0,1,0,0,0,7,1,0,0,0,0,clean
0,0,0,1,0,0,0.033604,0,0,0,2.55158,0,0,0,0,0,0,12,0,0,0.062895,0,0,0,2,69,0,7,1,1,0,0,21,0,23,0,0,0,1.01,0,3,0,10,0,10,0,0,0,1.01,0.004457,1.01,1,0.000535,0.001486,0,12,7,0.000524,0,0.001264,0,clean
0,0,0,1,0,0,0,0,0,0,0,0,0,0,0,0,0,2,0,0,0,0,0,0,2,6,0,2,1,0,0,0,1,0,8,0,0,0,0,0,2,0,0,0,0,0,0,0,0,0,0,1,0,0,0,9,2,0,0,0,0,clean
0,0,0,3,0,0,0.003928,0,0,0,2.28372,0,0,0,0,0,0,3,0,0,0.116063,0,0,0,0,10,0,3,1,2,0,0,3,0,4,0,0,0,0,0,2,0,2,0,2,0,0,0,0,0.031934,0,3,0,0,0,19,3,0,0,0.118884,0,clean
0,0.004925,0.005835,5,0,2.02,0.340267,0.004283,6.18,0.000617,15.226,0,0,7.14,0,0,0,28,0,1.01,0.394734,0,0,8.25,14,200,0,19,1,14,0,0,171,0,104,0.006704,0.001884,0.006884,9.13,8.61,28,8.86,2,0,1,2,7.13,0,10.31,0.036552,1.01,6,0.013234,0.001486,0.006828,7,18,0.01446,9.73,0.063177,0.004885,buggy
1,0.0036,0.001329,3,3.03,3.05,0.244503,0.001372,2.03,0.002642,6.22347,0.000809,1.01,4.08,0,0,0,39,0.002406,2.04,0.158543,0,0.001395,4.35,12,112,11,12,2,2,0,0,66,4.16,58,0.005178,0.003391,0.005193,2.1,4.85,13,4.46,5,0,4,0,2.02,0,3.12,0.013503,10.24,3,0.002244,0.011461,0.005082,41,5,0.004023,4.89,0.020959,0.004855,buggy
1,0,0.010867,3,0,0,0.097112,0,8.09,0,6.87477,0,0,0,0,1,0,32,0,0,0.16624,1.01,0,0,3,130,0,11,1,26,0,0,55,0,40,0,0,0,0,0,29,0,6,0,5,0,0,0,8.09,0.011386,1.01,3,0,0.001486,0,7,10,0.011839,0,0.005294,0,buggy
0,0.009866,0,12,0,0,0.123923,0.009594,0,0,16.3188,0,0,8.15,0,0,1,38,0,0,0.435704,0,0,8.15,2,114,0,38,1,0,0,0,703,0,74,0.011001,0,0.010706,2.02,12.5,2,8.3,1,0,1,1,8.15,0,2.02,0.044378,9.16,13,0.001185,0.012275,0.010714,44,38,0.001404,8.45,0.096674,0.01067,buggy
1,0,0,0,0,0,0.004036,0,0,0,1.27192,0,0,0,0,2,0,22,0,0,0.031256,0,0,0,11,94,0,10,1,3,0,0,45,0,72,0,0,0,0,0,14,0,6,0,3,0,0,0,0,0.002174,0,1,0,0,0,7,8,0,0,0.000405,0,clean
1,0.001031,0,7,1.03,2.02,0.2172,0,0,0.001462,9.01949,0.001024,1.01,2.02,0,0,0,39,0.00065,2.05,0.206164,0,0,5.16,9,153,0,10,2,3,0,1.01,45,0,34,0.003325,0.001262,0.003513,2.04,2.17,12,4.12,6,0,6,0,0,0,2.04,0.011377,2.03,7,0.001205,0.002563,0.002673,20,4,0.001337,5.57,0.000415,0.001165,clean
0,0.000673,0.007563,3,0,1.07,0.127408,0.000789,9.15,0.000562,5.74218,0,0,1.02,0,0,0,8,0,1.02,0.133789,0,0,1.02,0,30,0,8,1,21,0,0,28,0,8,0.000687,0.000351,0.000727,0,1.13,21,1.02,12,0,7,0,1.02,0,9.15,0.007899,1.01,3,0,0.001486,0.000688,7,8,0.009587,1.08,0.000617,0.000694,clean
0,0.001254,0.00858,6,0,2.02,0.17406,0.000968,2.02,0.001361,12.9885,0,0,2.04,0,0,0,58,0,2.02,0.344082,0,0,9.27,14,128,3,13,3,3,0,0,78,0,71,0.018664,0.001266,0.016912,5.07,2.46,17,7.39,4,0,4,0,2.04,0,6.07,0.036063,3.05,6,0.007655,0.002708,0.017604,48,10,0.008818,7.56,0.084568,0.001351,buggy
0,0,0.00629,2,0,0,0.054942,0,2.05,0,5.32311,0,0,0,0,4,0,11,0,0,0.155851,1.01,0,0,2,49,0,8,1,10,0.000718,0,28,0,18,0,0,0,0,0,12,0,1,0,0,0,0,0,2.05,0.020314,0,2,0,0,0,7,8,0.005668,0,0.056001,0,clean
0,0,0,1,0,0,0,0,0,0,0,0,0,0,0,0,0,0,0,0,0,0,0,0,0,0,0,0,1,0,0,0,0,0,0,0,0,0,0,0,0,0,0,0,0,0,0,0,0,0,0,1,0,0,0,7,0,0,0,0,0,clean
5,0.00474,0,16,0,1.07,0.270134,0.004118,0,0,16.4888,0,3.04,3.07,0,0,0,46,0.002323,0,0.45383,0,0,6.31,29,221,1,21,1,1,0,0,210,1.01,177,0.009592,0.000759,0.02014,7.12,4.19,30,12.88,0,0,0,1,3.06,0,7.12,0.049451,4.06,16,0.01413,0.005867,0.020331,19,16,0.014027,13.29,0.113984,0.005078,clean
0,0,0,4,5.5,5.51,0.160196,0,0,0.000616,4.84372,0.00208,0,0,137,0,0,0,0,1.01,0.130076,0,0.003652,0,0,0,3,0,2,0,0,1.01,0,3.05,0,0,0.003716,0,0,0,0,0,138,0,1,0,0,0.000364,0,0.012303,3.06,4,0,0.003534,0,12,0,0,0,0.017081,0,clean
1,0.001677,0.01194,7,1.02,1.01,1.00427,0,5.07,0.001477,11.9562,0.000407,2.02,3.03,2,0,0,67,0.001692,2.03,0.296961,1.01,0,5.1,10,285,0,16,1,14,0,0,120,0,65,0.003235,0.000852,0.003278,3.04,3.47,23,4.09,12,0,7,0,0,0,6.09,0.021922,1.01,8,0.002186,0.001486,0.003421,10,14,0.011437,5.86,0.011182,0.002209,buggy
0,0.001375,0,5,1.01,1.01,0.237714,0.000876,1.01,0,11.0202,0.000516,0,3.1,1,0,0,22,0,0,0.341038,0,0.006504,4.14,17,103,18,18,3,2,0,0,153,5.06,44,0.007446,0.000759,0.007718,4.04,5.06,18,5.18,1,0,0,1,3.03,0,4.05,0.053542,8.19,5,0.007582,0.007122,0.006697,111,7,0.006713,5.48,0.152795,0.001332,buggy
7,0,0.001019,2,0,0,0.04768,0,1.01,0,2.8028,0,0,0,1,0,0,36,0,0,0.073605,0,0,1.01,10,172,0,20,1,3,0,0,190,0,102,0.001624,0,0.001957,3.03,0,12,1.08,11,0,10,0,0,0,2.02,0.006325,1.01,2,0.006181,0.001486,0.001656,7,12,0.005582,1.07,0.005064,0,clean
0,0.006384,0.002177,5,0,2.04,0.108434,0.000613,2.02,0.001361,8.71607,0,3.03,5.12,0,0,0,6,0.001985,2.04,0.212541,0,0.007031,6.31,1,19,1,6,2,4,0,1.01,15,2.03,11,0.007168,0.001266,0.007523,2.06,6.11,5,5.4,1,0,1,0,1.02,0.000559,1.04,0.015601,3.07,5,0.001891,0.005193,0.006443,16,2,0.001476,7.83,0.016825,0.006971,clean
1,0,0.007051,2,0,0,0.060401,0,2.02,0,7.82058,0,0,0,0,0,0,22,0,0,0.245305,0,0,0,4,88,0,6,1,6,0,0,15,0,18,0,0,0.007772,0,0,10,0,5,0,5,0,0,0,2.02,0.03965,1.01,2,0,0.001486,0,7,4,0.006157,1.02,0.119761,0,buggy
0,0,0,3,0,0,0.104025,0,0,0,4.27148,0,0,0,0,0,0,24,0,0,0.108468,0,0,2.09,5,86,3,4,2,1,0,0,6,0,36,0.002259,0,0.00217,1.01,0,6,2.11,0,0,0,0,0,0,1.01,0.008376,1.01,3,0.000801,0.001486,0.002082,14,4,0.000783,2.21,0.003484,0,buggy
0,0,0,1,0,0,0,0,0,0,0,0,0,0,0,0,1,2,0,0,0,0,0,0,4,9,0,2,1,0,0,0,1,0,8,0,0,0,0,0,4,0,0,0,0,1,0,0,0,0,0,1,0,0,0,9,2,0,0,0,0,clean
0,0.000456,0,2,0,1.02,0.133846,0.000403,0,0,2.71633,0,0,1.03,0,0,0,73,0,0,0.064995,0,0,1.16,13,294,0,23,1,1,0,0,253,0,122,0.000729,0.0006,0.000729,4.06,1.63,14,1.29,24,0,2,0,1.02,0,4.06,0.00416,2.03,3,0.01199,0.001815,0.000681,12,6,0.011602,1.59,0.000445,0.000547,clean
0,0,0,3,0,0,0.009485,0,0,0,2.28372,0,0,0,0,1,0,5,0,0,0.116063,0,0,0,1,16,0,9,1,6,0,0,36,0,16,0,0,0,0,0,7,0,0,0,0,0,0,0,0,0.031934,0,3,0,0,0,7,7,0,0,0.118884,0,clean
0,0,0,1,0,0,0,0,0,0,0,0,0,0,0,0,0,2,0,0,0,0,0,0,2,6,0,2,1,0,0,0,1,0,8,0,0,0,0,0,2,0,0,0,0,0,0,0,0,0,0,1,0,0,0,9,2,0,0,0,0,clean
0,0,0,1,0,0,0,0,0,0,0,0,0,0,0,0,0,5,0,0,0,0,0,0,2,30,0,2,1,0,0,0,1,0,10,0,0,0,0,0,2,0,2,0,2,0,0,0,0,0,0,1,0,0,0,7,2,0,0,0,0,clean
0,0,0,1,0,0,0,0,0,0,0,0,0,0,0,0,0,0,0,0,0,0,0,0,0,0,0,0,1,0,0,0,0,0,0,0,0,0,0,0,0,0,0,0,0,0,0,0,0,0,0,1,0,0,0,7,0,0,0,0,0,clean
0,0,0,2,0,0,0.00937,0,0,0,3.24068,0,0,0,0,0,0,11,0,0,0.113162,0,0,0,1,37,1,11,1,3,0,0,55,0,14,0,0,0,1.01,0,3,0,7,0,5,0,0,0,0,0.021977,2.04,2,0.002039,0.003025,0,27,3,0,0,0.064571,0,buggy
1,0,0.008474,1,0,0,0.018422,0,2.02,0,1.5526,0,0,0,0,0,0,5,0,0,0.037473,0,0,0,4,25,0,4,1,4,0,0,6,0,10,0,0,0,1.01,0,8,0,3,0,3,0,0,0,3.03,0.002465,0,1,0.002039,0,0,7,3,0.00846,0,0.000316,0,clean
4,0,0.007987,1,0,0,0,0,1.01,0,0,0,0,0,1,0,0,54,0,0,0,0,0,0,20,209,0,20,2,3,0,0,190,0,108,0,0,0,0,0,23,0,10,0,7,0,0,0,1.01,0,0,1,0,0,0,21,16,0.008008,0,0,0,buggy
0,0.000708,0.0009,3,0,1.01,0.043017,0.000876,1.01,0.001336,9.88616,0,0,1.02,0,0,0,26,0,1.01,0.265308,0,0,2.08,5,111,0,6,1,3,0,0,15,0,39,0.001507,0.001152,0.00255,2.04,1.13,7,2.14,3,0,3,0,1.02,0,2.04,0.027647,1.01,3,0.001581,0.001486,0.001525,7,6,0.001674,3.29,0.059076,0.00086,buggy
1,0.000519,0.001903,3,0,1.01,0.052593,0.000389,2.05,0.000617,5.63536,0,0,1.02,0,0,0,10,0,1.01,0.133442,0,0,1.05,5,54,1,5,1,1,0,0,10,0,22,0.0006,0.000719,0.000626,1.02,1.07,6,1.04,3,0,3,0,1.02,0,3.07,0.008342,4.06,3,0.000743,0.004079,0.00066,27,4,0.002653,1.17,0.001137,0.000551,clean
0,0,0,1,0,0,0.02046,0,0,0,1.80545,0,0,0,3,0,0,26,0,0,0.044952,0,0,0,2,73,0,22,1,1,0,0,231,0,28,0,0,0,0,0,3,0,11,0,8,0,0,0,0,0.003254,1.01,1,0,0.001486,0,7,14,0,0,0.000777,0,clean
0,0,0,2,0,0,0.002931,0,0,0,1.03146,0,0,0,0,0,0,12,0,0,0.033728,0,0,1.01,4,25,2,6,2,2,0,0,15,0,16,0.003032,0,0,1.01,0,5,1.02,1,0,1,0,0,0,0,0.004848,2.11,2,0.003899,0.002605,0.00305,27,2,0,0,0.013579,0,clean
1,0,0,1,0,0,0,0,0,0,0,0,0,0,0,0,0,6,0,0,0,0,0,0,1,27,0,2,1,1,0,0,1,0,15,0,0,0,0,0,1,0,0,0,0,0,0,0,0,0,0,1,0,0,0,7,0,0,0,0,0,clean
2,0.004207,0.001707,9,0,1.01,1.32279,0.002115,1.01,0.000312,16.5442,0,3.2,5.12,1,0,1,44,0.001985,1.01,0.440377,0,0,9.19,6,130,0,8,1,2,0,0,28,0,71,0.007335,0.000301,0.007105,4.1,6.46,7,10.97,2,0,1,1,3.06,0,4.1,0.043711,1.01,9,0.010775,0.001486,0.007534,7,5,0.010855,10.82,0.085015,0.004991,clean
0,0,0,1,0,0,0,0,0,0,0,0,0,0,0,0,0,0,0,0,0,0,0,0,0,0,0,0,1,0,0,0,0,0,0,0,0,0,0,0,0,0,0,0,0,0,0,0,0,0,0,1,0,0,0,7,0,0,0,0,0,clean
0,0,0,1,0,0,0,0,0,0,0,0,0,0,0,0,0,0,0,0,0,0,0,0,0,0,0,0,1,0,0,0,0,0,0,0,0,0,0,0,0,0,0,0,0,0,0,0,0,0,0,1,0,0,0,7,0,0,0,0,0,clean
0,0,0,1,0,0,0,0,0,0,0,0,0,0,0,0,0,0,0,0,0,0,0,0,0,0,0,0,1,0,0,0,0,0,0,0,0,0,0,0,0,0,0,0,0,0,0,0,0,0,0,1,0,0,0,7,0,0,0,0,0,clean
1,0.000819,0,1,0,0,0.02046,0,0,0,1.80545,0,1.01,1.01,0,0,0,27,0.001226,0,0.044952,0,0,1.1,2,95,0,6,1,3,0,0,15,0,17,0.001337,0,0.001278,1.01,1.06,5,1.03,3,0,0,0,0,0,1.01,0.003254,1.01,1,0.001073,0.001486,0.001319,7,5,0.001199,1.29,0.000777,0.000846,clean
0,0,0,1,0,0,0,0,0,0,0,0,0,0,0,0,0,0,0,0,0,0,0,0,0,0,0,1,1,1,0,0,0,0,1,0,0,0,0,0,1,0,0,0,0,0,0,0,0,0,0,1,0,0,0,7,1,0,0,0,0,clean
0,0,0,1,0,0,0,0,0,0,0,0,0,0,0,0,0,0,0,0,0,0,0,0,0,0,0,0,1,0,0,0,0,0,0,0,0,0,0,0,0,0,0,0,0,0,0,0,0,0,0,1,0,0,0,7,0,0,0,0,0,clean
0,0.00132,0.009195,3,0,2.02,0.03242,0.001351,3.04,0,6.16292,0,0,2.02,1,1,0,10,0,0,0.158311,0,0,2.05,3,28,1,7,2,4,0,0,21,0,14,0.001488,0.002827,0.001521,2.03,2.11,5,3.09,1,0,0,0,2.02,0,2.03,0.013802,3.05,3,0.002569,0.003017,0.004065,22,7,0.0016,2.12,0.021918,0.001498,buggy
0,0,0,1,0,0,0,0,0,0,0,0,0,0,0,0,0,0,0,0,0,0,0,0,0,0,0,1,1,1,0,0,0,0,1,0,0,0,0,0,1,0,0,0,0,0,0,0,0,0,0,1,0,0,0,7,1,0,0,0,0,clean
0,0.000708,0.0009,3,0,2.04,0.144607,0.000876,1.01,0.00122,8.89851,0,0,1.03,0,0,0,22,0,2.04,0.231539,0,0,3.15,5,63,0,9,2,2,0,0,36,0,22,0.002284,0.001359,0.002348,3.04,1.21,7,2.12,7,0,7,0,1.01,0,3.05,0.023253,3.04,3,0.002558,0.003319,0.001513,20,4,0.002757,3.96,0.055195,0.00086,clean
0,0,0,1,0,0,0,0,0,0,0,0,0,0,0,0,0,2,0,0,0,0,0,0,2,6,0,2,1,0,0,0,1,0,8,0,0,0,0,0,2,0,0,0,0,0,0,0,0,0,0,1,0,0,0,9,2,0,0,0,0,clean
2,0,0,3,0,0,0.094226,0,0,0,4.27148,0,0,0,3,1,0,24,0,0,0.108468,0,0,2.08,4,83,0,6,1,1,0,0,15,0,35,0.002259,0,0.00217,0,0,5,2.11,3,0,0,0,0,0,0,0.008376,1.01,3,0,0.001486,0.002082,10,4,0,2.18,0.003484,0,buggy
0,0,0,0,0,0,0.023337,0,0,0,3.36934,0,0,0,0,0,0,3,0,0,0.079924,0,0,0,0,10,2,3,1,0,0,0,3,0,3,0,0,0,0,0,0,0,1,0,1,0,0,0,0,0.005041,1.01,0,0,0.001486,0,13,2,0,0,0.000804,0,clean
0,0,0,3,0,0,0.029296,0,0,0,6.22636,0,0,0,0,0,0,8,0,0,0.151156,0,0.000966,1.04,5,22,3,2,2,1,0,0,1,1.01,15,0.000794,0,0.000831,2.02,0,6,2.06,0,0,0,1,0,0,2.02,0.010566,3.03,3,0.001601,0.004115,0.001559,30,1,0.001687,1.09,0.00679,0,clean
0,0,0.002028,1,0,0,0.023337,0,3.03,0,3.36934,0,0,0,0,0,0,29,0,0,0.079924,0,0,0,3,99,0,5,1,2,0,0,10,0,31,0,0,0,0,0,5,0,0,0,0,0,0,0,3.03,0.005041,1.01,1,0,0.001486,0,7,5,0.002678,0,0.000804,0,clean
0,0,0,1,0,0,0,0,0,0,0,0,0,0,0,0,0,10,0,0,0,0,0,0,3,30,1,8,2,4,0,0,28,0,18,0,0,0,0,0,7,0,3,0,3,0,0,0,0,0,0,1,0,0,0,19,5,0,0,0,0,buggy
0,0,0,1,0,0,0,0,0,0,0,0,0,0,0,0,0,15,0,0,0,0,0,0,4,56,0,9,1,1,0,0,36,0,27,0,0,0,0,0,4,0,2,0,2,0,0,0,0,0,0,1,0,0,0,14,8,0,0,0,0,clean
0,0.002741,0.002555,2,0,0,0.100508,0.002083,1.01,0,7.01743,0,0,2.02,0,0,0,37,0,0,0.208953,0,0,2.06,17,169,0,10,1,9,0,0,45,0,72,0.003974,0,0.003672,3.04,2.17,26,2.11,2,0,0,0,2.02,0,4.05,0.027289,0,3,0.005938,0,0.00356,7,10,0.008216,2.39,0.072507,0.003966,buggy
8,0.000541,0,4,0,0,0.157968,0.000776,0,0,4.53581,0,1.02,1.03,0,0,0,19,0.00101,0,0.133315,0,0,1.06,2,94,0,15,1,2,0,0,105,0,41,0.001139,0,0.001154,1.01,1.39,4,2.13,2,0,2,0,1.01,0,1.01,0.015203,0,4,0,0,0.003543,7,7,0,1.22,0.026494,0.00068,clean
5,0.000678,0,4,0,2.04,0.335622,0,0,0.013544,8.37205,0,1.01,1.01,0,0,0,57,0,2.04,0.290368,0,0,3.14,16,180,0,13,1,0,0,0,78,0,101,0.004801,0.012678,0.009482,3.03,1.13,16,3.19,4,0,4,2,0,0,3.03,0.052769,0,5,0.001766,0,0.004816,14,8,0.002324,3.52,0.136551,0.000828,clean
0,0,0.003144,3,0,1.02,0.127693,0,3.05,0,7.55192,0,0,0,0,0,0,4,0,0,0.181326,0,0,0,0,15,0,4,1,10,0,0,6,0,4,0,0.000759,0,0,0,10,0,10,0,3,0,0,0,3.05,0.012147,2.03,3,0,0.002594,0,15,4,0.003622,0,0.005304,0,buggy
0,0,0,1,0,0,0,0,0,0,0,0,0,0,0,0,0,0,0,0,0,0,0,0,0,0,0,0,1,0,0,0,0,0,0,0,0,0,0,0,0,0,0,0,0,0,0,0,0,0,0,1,0,0,0,7,0,0,0,0,0,clean
0,0,0,1,0,0,0,0,0,0,0,0,0,0,0,0,0,0,0,0,0,0,0,0,0,0,0,0,1,0,0,0,0,0,0,0,0,0,0,0,0,0,0,0,0,0,0,0,0,0,0,1,0,0,0,7,0,0,0,0,0,clean
0,0,0,3,0,0,0.132549,0,0,0,4.27148,0,0,0,0,0,0,9,0,0,0.108468,0,0,2.12,4,38,0,4,1,1,0,0,6,0,17,0.002259,0,0.00217,0,0,5,2.11,1,0,1,0,0,0,0,0.008376,1.01,3,0,0.001486,0.002082,10,4,0,2.29,0.003484,0,buggy
1,0,0.007987,5,0,4.04,0.137771,0.000613,1.01,0.008321,11.4018,0,0,0,0,0,0,28,0,4.04,0.302681,0,0.000758,4.11,8,63,1,7,2,2,0,1.01,21,1.01,41,0.010633,0.009269,0.010501,4.06,0,9,4.14,1,0,1,0,1.03,0.000559,2.04,0.030243,2.07,5,0.011383,0.002067,0.010915,13,4,0.002261,4.26,0.059257,0,buggy
0,0,0,1,0,0,0,0,0,0,0,0,0,0,0,0,0,2,0,0,0,0,0,0,2,15,0,2,1,0,0,0,1,0,10,0,0,0,0,0,2,0,0,0,0,0,0,0,0,0,0,1,0,0,0,9,2,0,0,0,0,clean
2,0,0,4,0,2.02,0.0596,0,0,0.001311,8.19537,0,0,0,3,0,0,107,0,2.02,0.219499,0,0,1.01,14,403,62,30,1,2,0,0,435,0,219,0.000767,0.001417,0.001374,2.02,0,16,2.04,20,0,17,0,0,0,1.01,0.023363,1.05,4,0.001743,0.001486,0.001382,35,27,0.00114,3.07,0.055531,0,buggy
0,0.00253,0.002402,5,1.02,1.02,0.081792,0.000629,2.02,0.001554,5.80382,0,0,2.11,0,3,0,36,0,1.02,0.203948,1.01,0,4.27,8,97,0,20,1,5,0.001069,0,190,0,37,0.014234,0.001363,0.0056,1.01,3.54,11,4.17,4,0,2,0,1.02,0,1.01,0.034609,1.01,5,0.001199,0.001486,0.014265,7,4,0.000939,3.7,0.11455,0.003059,clean
0,0,0,1,0,2.03,0.159571,0,0,0.000728,4.65896,0,0,0,0,0,1,19,0,1.05,0.136297,0,0,2.11,11,54,0,3,2,0,0,0,3,0,27,0.001634,0.001612,0.009523,3.05,0,11,3.09,5,0,5,1,0,0,3.05,0.018442,1.02,2,0.009795,0.001486,0.009967,15,2,0.00988,3.36,0.056099,0,buggy
0,0,0,1,0,0,0.037086,0,0,0,2.66716,0,0,0,0,0,0,17,0,0,0.066824,0,0,0,1,110,0,6,1,1,0,0,15,0,37,0,0,0,1.01,0,2,1.06,3,0,0,0,0,0,1.01,0.00493,1.01,2,0.000547,0.001486,0.000672,11,6,0.000502,0,0.001336,0,buggy
0,0.001051,0,2,0,0,0.028671,0.001096,0,0,1.23279,0,0,1.01,0,0,0,6,0,0,0.034027,0,0,1.03,8,32,0,3,1,1,0,0,3,0,16,0.001292,0,0.001358,2.05,1.02,9,1.07,2,0,2,0,1.01,0,2.05,0.003293,1.01,2,0.005726,0.001,0.00129,9,3,0.005809,1.09,0.003226,0.001109,clean
0,0,0,2,0,0,0.045529,0,0,0,4.04276,0,0,0,1,0,0,7,0,0,0.098951,0,0,0,2,26,1,7,2,1,0,0,21,0,12,0,0,0,0,0,3,0,2,0,1,0,0,0,0,0.006805,0,2,0,0,0,15,6,0,0,0.001232,0,clean
0,0,0,1,0,0,0,0,0,0,0,0,0,0,0,0,0,2,0,0,0,0,0,0,4,11,0,2,1,0,0,0,1,0,11,0,0,0,0,0,4,0,0,0,0,0,0,0,0,0,0,1,0,0,0,9,2,0,0,0,0,clean
0,0,0.007987,4,0,0,0.02689,0,1.01,0,2.6703,0,0,0,0,0,0,56,0,0,0.13087,0,0,0,26,203,0,15,1,5,0,0,105,0,99,0,0,0,0,0,27,0,26,0,21,0,0,0,0,0.034787,0,4,0,0,0,19,13,0,0,0.129104,0,buggy
0,0,0.002405,18,2.02,12.25,0.131181,0,5.06,0,16.069,0.002911,0,0,2,0,1,2,0,0,0.419616,0,0.003184,0,0,6,74,2,1,8,0,0,1,5.1,2,0,0.016639,0,0,0,8,0,63,0,1,2,0,0,5.06,0.041616,1.01,18,0,0.001486,0,7,1,0.00775,0,0.088975,0,buggy
0,0,0,1,0,0,0,0,0,0,0,0,0,0,0,0,0,0,0,0,0,0,0,0,0,0,0,0,1,0,0,0,0,0,0,0,0,0,0,0,0,0,0,0,0,0,0,0,0,0,0,1,0,0,0,7,0,0,0,0,0,clean
0,0,0,1,0,0,0,0,0,0,0,0,0,0,0,0,0,0,0,0,0,0,0,0,0,0,0,0,1,0,0,0,0,0,0,0,0,0,0,0,0,0,0,0,0,0,0,0,0,0,0,1,0,0,0,7,0,0,0,0,0,clean
5,0,0.002325,1,0,0,0.006296,0,2.13,0,2.90044,0,0,0,0,0,0,29,0,0,0.067994,0,0,0,7,108,0,10,1,7,0,0,45,0,63,0,0,0,0,0,14,0,4,0,4,0,0,0,2.13,0.004089,1.03,2,0,0.001486,0,11,5,0.002909,0,0.000333,0,clean
21,0.011508,0.006477,53,5.07,16.25,1.34951,0.00298,5.08,0.005535,33.736,0.007476,11.25,13.3,7,0,2,251,0.010808,8.16,0.90957,0,0,26.63,67,1250,0,58,1,18,0,0,1653,0,523,0.043029,0.018894,0.048658,22.43,27.8,77,33.68,45,1,14,3,2.03,0,22.41,0.093806,2.09,58,0.037312,0.002511,0.045841,17,13,0.039637,38.36,0.195082,0.013757,buggy
0,0,0,1,0,0,0,0,0,0,0,0,0,0,0,0,0,0,0,0,0,0,0,0,0,0,0,0,1,0,0,0,0,0,0,0,0,0,0,0,0,0,0,0,0,0,0,0,0,0,0,1,0,0,0,7,0,0,0,0,0,clean
0,0,0,1,0,0,0,0,0,0,0,0,0,0,0,0,0,0,0,0,0,0,0,0,0,0,0,0,1,0,0,0,0,0,0,0,0,0,0,0,0,0,0,0,0,0,0,0,0,0,0,1,0,0,0,7,0,0,0,0,0,clean
0,0,0,1,0,0,0.002299,0,0,0,1.28035,0,0,0,0,0,0,11,0,0,0.0569,0,0,0,3,48,0,6,1,1,0,0,15,0,18,0,0,0,0,0,4,0,5,0,2,0,0,0,0,0.013509,1.01,1,0,0.001486,0,10,5,0,0,0.054769,0,buggy
4,0.001966,0,5,0,1.07,0.326291,0.000635,0,0.001159,7.90097,0,2.02,2.11,0,0,0,65,0.002139,1.07,0.234359,0,0,2.34,24,196,0,19,1,0,0,0,171,0,107,0.00224,0.001481,0.002219,4.13,3.44,24,2.41,7,0,7,0,1.09,0,4.13,0.029902,1.09,5,0.004998,0.001109,0.002184,22,15,0.005223,2.85,0.074394,0.001778,buggy
0,0,0,1,0,0,0,0,0,0,0,0,0,0,0,0,0,0,0,0,0,0,0,0,0,0,0,0,1,0,0,0,0,0,0,0,0,0,0,0,0,0,0,0,0,0,0,0,0,0,0,1,0,0,0,7,0,0,0,0,0,clean
0,0,0,1,0,0,0,0,0,0,0,0,0,0,0,0,0,1,0,0,0,0,0,0,1,3,0,1,1,0,0,0,0,0,2,0,0,0,0,0,1,0,0,0,0,0,0,0,0,0,0,1,0,0,0,8,1,0,0,0,0,clean
0,0,0,1,0,0,0,0,0,0,0,0,0,0,0,0,0,1,0,0,0,0,0,0,2,4,0,1,1,0,0,0,0,0,3,0,0,0,0,0,2,0,0,0,0,0,0,0,0,0,0,1,0,0,0,8,1,0,0,0,0,clean
0,0,0,1,0,0,0,0,0,0,0,0,0,0,0,0,0,4,0,0,0,0,0,0,5,21,0,3,1,0,0,0,3,0,18,0,0,0,0,0,5,0,0,0,0,0,0,0,0,0,0,1,0,0,0,17,3,0,0,0,0,clean
0,0.001601,0.001306,3,0,0,0.049339,0.002044,1.01,0,5.03827,0,0,1.01,0,0,0,10,0,0,0.122427,0,0,1.03,5,73,0,4,1,1,0,0,6,0,20,0.002713,0,0.004581,1.03,1.03,6,2.09,3,0,3,0,1.01,0,2.04,0.008239,2.02,3,0.000673,0.002915,0.003128,10,4,0.002392,4.37,0.001339,0.00253,clean
0,0.00195,0.001707,3,0,2.04,0.120058,0,1.02,0.002241,6.42741,0,1.01,3.16,0,0,0,6,0.000591,2.04,0.150411,0,0.000758,3.36,3,17,2,5,2,2,0,1.01,10,1.02,10,0.002626,0.002014,0.002527,3.08,5,5,4.65,1,0,1,0,0,0.000559,3.07,0.009249,4.21,3,0.002288,0.004672,0.003266,27,1,0.00264,4.1,0.003213,0.002433,clean
0,0,0,1,0,0,0,0,0,0,0,0,0,0,0,0,0,2,0,0,0,0,0,0,1,7,0,2,1,0,0,0,1,0,3,0,0,0,0,0,1,0,0,0,0,0,0,0,0,0,0,1,0,0,0,9,2,0,0,0,0,clean
0,0,0,1,0,0,0,0,0,0,0,0,0,0,0,0,0,1,0,0,0,0,0,0,1,3,0,1,1,0,0,0,0,0,2,0,0,0,0,0,1,0,0,0,0,0,0,0,0,0,0,1,0,0,0,8,1,0,0,0,0,clean
0,0,0,1,0,0,0,0,0,0,0,0,0,0,0,0,0,1,0,0,0,0,0,0,2,4,0,1,1,0,0,0,0,0,3,0,0,0,0,0,2,0,0,0,0,0,0,0,0,0,0,1,0,0,0,8,1,0,0,0,0,clean
0,0,0,1,0,0,0,0,0,0,0,0,0,0,0,0,0,0,0,0,0,0,0,0,0,0,0,0,1,0,0,0,0,0,0,0,0,0,0,0,0,0,0,0,0,0,0,0,0,0,0,1,0,0,0,7,0,0,0,0,0,clean
1,0,0,0,0,0,0,0,0,0,0,0,0,0,0,1,0,13,0,0,0,0,0,0,1,44,0,7,1,2,0,0,21,0,26,0,0,0,1.01,0,3,0,1,0,0,0,0,0,1.01,0,1.01,0,0.008318,0.001486,0,7,5,0.008008,0,0,0,buggy
0,0.001793,0.001707,1,0,2.04,0.054952,0.000613,1.03,0.002241,5.09157,0,0,2.12,0,0,0,3,0,2.04,0.119792,0,0.000758,2.2,1,8,2,2,2,2,0,1.01,1,1.02,3,0.00211,0.002014,0.001986,1.05,2.9,3,2.3,0,0,0,0,1.01,0.000559,2.06,0.007549,4.21,1,0.000693,0.004672,0.002041,27,0,0.002194,2.51,0.00316,0.002111,clean
0,0,0,1,0,0,0,0,0,0,0,0,0,0,0,0,0,0,0,0,0,0,0,0,0,0,0,0,1,0,0,0,0,0,0,0,0,0,0,0,0,0,0,0,0,0,0,0,0,0,0,1,0,0,0,7,0,0,0,0,0,clean
0,0,0.0009,7,0,0,0.05769,0.000876,1.01,0,9.22487,0,0,0,0,0,1,49,0,0,0.246306,0,0.005538,3.2,11,186,16,17,2,2,0,0,136,4.05,60,0.002146,0,0.002854,3.04,0,12,2.17,1,0,0,2,1.02,0,3.03,0.026098,8.18,7,0.004442,0.007122,0.001464,91,5,0.004244,4.7,0.062634,0,buggy
10,0.002097,0.002325,17,0,3.05,0.697616,0,2.05,0.007462,15.1537,0,3.04,3.05,0,0,2,72,0.003015,1.01,0.425571,1.01,0,8.38,10,244,0,19,1,8,0,0,171,0,149,0.011757,0.007396,0.015335,7.09,3.84,18,9.74,35,2,14,4,1.01,0,7.11,0.050497,1.01,20,0.01081,0.001486,0.016104,7,9,0.01138,10.2,0.109464,0.003329,buggy
0,0,0,2,0,0,0.027859,0,0,0,6.22636,0,0,0,0,0,0,3,0,0,0.151156,0,0.000966,0,5,11,3,2,2,1,0,0,1,1.01,8,0,0,0,1.01,0,5,0,0,0,0,1,0,0,1.01,0.010566,3.03,2,0.000531,0.004115,0,30,1,0.000546,0,0.00679,0,clean
3,0.000369,0.001019,2,0,0,0.058801,0.000321,1.01,0,6.79581,0,1.01,1.08,7,0,0,38,0.000269,0,0.19012,0,0.000814,2.23,16,149,8,21,1,3,0,0,210,1.08,108,0.001291,0,0.001446,4.07,2.32,17,2.36,19,0,11,0,1.07,0,4.06,0.022318,1.04,2,0.004766,0.001486,0.001364,14,18,0.004631,2.48,0.056106,0.000471,clean
1,0.004559,0.001595,9,0,1.03,0.434833,0.003295,2.02,0,14.9649,0,0,3.03,0,0,2,106,0,0,0.43534,0,0,4.19,30,332,0,40,2,9,0,0,780,0,206,0.007295,0.000685,0.00976,4.09,4.14,37,5.36,16,0,9,2,3.03,0,4.1,0.051605,0,10,0.007983,0,0.007949,30,34,0.008425,6.74,0.112682,0.004913,buggy
0,0,0,1,0,0,0.082337,0,0,0,4.35837,0,0,0,0,0,0,9,0,0,0.102749,0,0,0,2,28,0,10,1,0,0,0,45,0,19,0,0,0.000831,0,0,2,0,1,0,0,0,0,0,0,0.006413,1.01,1,0,0.001486,0,25,9,0,1.01,0.001479,0,buggy
0,0,0,1,0,0,0,0,0,0,0,0,0,0,0,0,0,0,0,0,0,0,0,0,0,0,0,0,1,0,0,0,0,0,0,0,0,0,0,0,0,0,0,0,0,0,0,0,0,0,0,1,0,0,0,7,0,0,0,0,0,clean
0,0,0,1,0,0,0.060191,0,0,0,1.69869,0,0,0,0,0,0,1,0,0,0.048943,0,0,0,1,3,0,1,1,0,0,0,0,0,2,0,0,0,0,0,1,0,0,0,0,0,0,0,0,0.005297,0,1,0,0,0,7,1,0,0,0.007779,0,clean
1,0,0,1,0,0,0,0,0,0,0,0,0,0,0,0,0,40,0,0,0,0,0,0,9,142,0,20,2,5,0,0,190,0,57,0,0,0,0,0,14,0,9,0,9,0,0,0,0,0,0,1,0,0,0,25,11,0,0,0,0,buggy
0,0,0,2,0,1.01,0.024081,0,0,0,5.57623,0,0,0,0,0,0,14,0,0,0.134134,0,0,1.02,7,55,0,4,1,0,0,0,6,0,30,0.000794,0.000759,0.002779,4.04,0,7,2.06,8,0,0,0,0,0,4.04,0.009479,1.01,2,0.004584,0.001486,0.001464,9,3,0.004437,3.16,0.010183,0,buggy
0,0,0,1,0,0,0,0,0,0,0,0,0,0,0,0,0,0,0,0,0,0,0,0,0,0,0,0,1,0,0,0,0,0,0,0,0,0,0,0,0,0,0,0,0,0,0,0,0,0,0,1,0,0,0,7,0,0,0,0,0,clean
0,0,0,1,0,0,0,0,0,0,0,0,0,0,0,0,0,2,0,0,0,0,0,0,4,8,0,2,1,0,0,0,1,0,8,0,0,0,0,0,4,0,0,0,0,0,0,0,0,0,0,1,0,0,0,9,2,0,0,0,0,clean
0,0.000537,0.000699,14,0,1.01,0.35029,0,1.01,0.000365,12.9001,0,0,1.01,0,0,0,69,0,1.01,0.327427,0,0,4.22,20,318,0,14,1,4,0,0,91,0,120,0.002702,0.000459,0.004385,4.13,1.14,23,4.55,6,0,1,0,0,0,5.14,0.029479,1.01,14,0.003394,0.001486,0.003123,12,5,0.004396,7.65,0.056252,0.00079,clean
3,0,0.001308,3,0,0,0.065685,0,1.01,0,5.55183,0,0,0,2,0,0,41,0,0,0.165368,0,0,1.05,9,143,0,9,1,2,0,0,36,0,66,0.000922,0,0.000892,1.01,0,10,2.08,11,0,9,0,0,0,1.01,0.021885,1.01,3,0.001073,0.001486,0.002082,7,5,0.001018,1.09,0.058253,0,buggy
0,0.000708,0,5,0,0,0.037804,0.000876,0,0,6.46017,0,0,1.01,1,0,0,10,0,0,0.156226,0,0,3.18,2,31,1,5,2,1,0,0,10,0,9,0.002774,0,0.002811,2.02,1.04,2,3.19,1,0,0,0,1.01,0,1.01,0.010681,3.05,5,0.001998,0.003017,0.002809,22,4,0.000932,3.48,0.004421,0.00086,buggy
7,0.000519,0.002436,4,1.01,1.04,0.501074,0.000389,3.06,0.002995,7.60794,0.000593,1.01,1.04,0,0,0,115,0.00045,2.09,0.176179,0,0,1.02,11,492,0,25,1,3,0,0,300,0,172,0.0006,0.000719,0.004141,4.04,1.9,14,2.14,25,0,17,0,1.04,0,6.08,0.010183,1.01,5,0.007211,0.001486,0.001296,7,7,0.008987,3.77,0.000657,0.000551,clean
27,0.008548,0,20,0,1.02,0.417263,0.000445,0,0.000616,18.2652,0,5.14,6.15,0,0,1,119,0.008206,1.02,0.488007,0,0,12.92,33,501,0,30,1,1,0,0,435,0,341,0.020706,0.000235,0.023275,8.22,9.3,34,17.54,2,1,2,2,1.01,0,8.22,0.049037,1.01,22,0.012533,0.001486,0.022532,7,2,0.012784,18.84,0.099713,0.009306,buggy
1,0.000624,0.016256,4,0,0,0.114107,0,8.08,0,5.15419,0,1.01,1.01,0,0,0,2,0.00032,0,0.1318,0,0,1.01,0,4,0,2,1,8,0,0,1,0,3,0.000249,0,0.000473,0,1.01,8,1.01,0,0,0,0,0,0,8.08,0.01054,1.01,4,0,0.001486,0.000803,7,1,0.016119,1.01,0.006552,0.000725,buggy
0,0,0,1,0,0,0,0,0,0,0,0,0,0,0,0,0,0,0,0,0,0,0,0,0,0,0,0,1,0,0,0,0,0,0,0,0,0,0,0,0,0,0,0,0,0,0,0,0,0,0,1,0,0,0,7,0,0,0,0,0,clean
0,0,0,1,0,0,0.023337,0,0,0,3.36934,0,0,0,0,0,1,4,0,0,0.079924,0,0,0,0,15,0,4,1,1,0,0,6,0,4,0,0,0,0,0,1,0,6,0,4,1,0,0,0,0.005041,2.03,1,0,0.002594,0,15,4,0,0,0.000804,0,clean
0,0.000549,0.00047,3,0,1.01,0.115987,0.000613,1.01,0.000528,10.8639,0,0,1.01,0,0,1,18,0,1.01,0.280953,0,0,3.13,9,48,0,2,1,2,0,0,1,0,28,0.002126,0.000656,0.001299,1.03,1.02,10,2.14,3,0,3,1,1.01,0,2.03,0.026916,1.01,4,0.000753,0.001486,0.001417,7,2,0.001527,2.27,0.056087,0.00062,clean
0,0.000708,0.001471,3,0,1.01,0.113254,0.000876,2.03,0.000739,8.29275,0,0,1.02,0,0,0,4,0,1.01,0.198537,0,0,1.02,0,14,0,4,1,1,0,0,6,0,5,0.000794,0.000759,0.000831,2.02,1.05,1,1.03,3,0,2,0,1.02,0,3.03,0.013148,1.03,3,0.005532,0.001486,0.000832,18,4,0.006211,1.07,0.005354,0.00086,buggy
3,0,0,2,0,0,0.098512,0,0,0,4.04276,0,0,0,2,0,0,82,0,0,0.098951,0,0,0,6,285,0,22,1,7,0,0,231,0,70,0,0,0,0,0,13,0,5,0,2,0,0,0,0,0.006805,0,2,0,0,0,7,17,0,0,0.001232,0,clean
0,0,0,1,0,0,0.02046,0,0,0,1.80545,0,0,0,0,0,0,20,0,0,0.044952,0,0,0,2,64,0,20,1,2,0,0,190,0,24,0,0,0,0,0,3,0,11,0,11,0,0,0,0,0.003254,1.01,1,0,0.001486,0,7,20,0,0,0.000777,0,clean
0,0,0,1,0,0,0,0,0,0,0,0,0,0,0,0,0,0,0,0,0,0,0,0,0,0,0,1,1,1,0,0,0,0,1,0,0,0,0,0,1,0,0,0,0,0,0,0,0,0,0,1,0,0,0,7,1,0,0,0,0,clean
1,0.000456,0,2,0,0,0.096216,0.000403,0,0,2.71633,0,1.01,1.03,3,0,0,26,0,0,0.064995,0,0,1.05,5,92,0,8,1,4,0,0,28,0,46,0.000729,0,0.000729,2.02,1.18,9,1.08,21,0,12,0,1.02,0,2.02,0.00416,1.01,3,0.003109,0.001486,0.000681,7,7,0.002909,1.19,0.000445,0.000547,clean
0,0.009653,0.000789,4,0,6.09,0.102978,0.000909,1.02,0.008126,8.36608,0,0,5.13,0,0,0,35,0,6.08,0.219957,0,0,6.28,3,90,0,14,2,7,0,0,91,0,43,0.011615,0.009482,0.01213,2.02,7.21,10,7.33,12,0,11,0,3.03,0,2.04,0.022756,5.07,4,0.001529,0.003547,0.012338,22,10,0.001607,7.68,0.055373,0.010351,buggy
4,0.008769,0.001306,3,0,0,0.155495,0.007666,1.02,0,5.09245,0,1.01,2.03,1,0,0,44,0.002406,0,0.164635,0,0.000814,2.08,11,140,5,17,1,2,0,0,136,2.05,69,0.010599,0,0.011245,4.06,2.45,13,4.25,10,0,8,0,2.02,0,4.08,0.025133,3.04,5,0.00819,0.00803,0.012108,19,13,0.007912,3.25,0.07697,0.010197,buggy
0,0,0,1,0,1.01,0.01268,0,0,0,1.05668,0,0,0,0,0,0,0,0,0,0.030079,0,0,0,0,0,0,0,1,0,0,0,0,0,0,0,0,0,0,0,0,0,25,0,0,0,0,0,0,0.003151,0,1,0,0,0,7,0,0,0,0.004084,0,buggy
0,0,0,1,0,0,0,0,0,0,0,0,0,0,0,0,0,0,0,0,0,0,0,0,0,0,0,0,1,0,0,0,0,0,0,0,0,0,0,0,0,0,0,0,0,0,0,0,0,0,0,1,0,0,0,7,0,0,0,0,0,clean
1,0,0,1,0,0,0.016766,0,0,0,2.23731,0,0,0,0,0,0,15,0,0,0.053999,0,0,0,9,47,0,6,1,1,0,0,15,0,23,0,0,0,0,0,10,0,4,0,2,0,0,0,0,0.003552,0,1,0,0,0,10,5,0,0,0.000455,0,clean
0,0.001601,0.001306,1,0,0,0.053039,0.002044,1.01,0,3.20237,0,0,1.01,0,0,0,9,0,0,0.091181,0,0,1.02,2,44,0,4,1,1,0,0,6,0,14,0.002713,0,0.002746,0,1.03,3,1.04,2,0,2,0,1.01,0,1.01,0.010063,2.02,2,0,0.002915,0.002541,10,4,0.001769,1.15,0.020623,0.00253,clean
5,0,0,2,0,0,0.043509,0,0,0,3.74492,0,0,0,0,0,0,28,0,0,0.096513,0,0.003413,1.01,17,138,9,14,2,1,0,0,91,2.02,58,0.001262,0,0.001182,1.02,0,17,1.04,1,0,1,0,0,0,1.02,0.007866,1.01,3,0.001054,0,0.001103,80,9,0.001306,1.05,0.005209,0,buggy
0,0,0,2,1.02,1.02,0.023718,0,0,0,0.894814,0,0,0,14,0,0,0,0,0,0.044072,0,0,0,0,0,3,0,2,0,0,0,0,0,0,0,0,0,0,0,0,0,17,0,3,0,0,0,0,0.011764,0,2,0,0,0,12,0,0,0,0.046128,0,clean
47,0.002482,0,27,1.02,8.16,1.77892,0,0,0.00707,15.3228,0,1.01,2.02,2,1,2,410,0,9.18,0.503466,0,0,13.44,37,1805,0,64,1,3,0,0,2016,0,836,0.02924,0.009666,0.033645,3.03,3.25,40,15.75,111,1,82,4,0,0,3.03,0.075912,0,29,0.008506,0,0.031156,7,3,0.008558,16.46,0.22302,0.002245,buggy
0,0,0.001226,2,0,0,0.033409,0,1.01,0,4.04276,0,0,0,0,0,0,7,0,0,0.098951,0,0,0,1,24,0,5,1,6,0,0,10,0,8,0,0,0,0,0,7,0,3,0,3,0,0,0,1.01,0.006805,0,2,0,0,0,7,5,0.001306,0,0.001232,0,clean
0,0,0,1,0,0,0.02046,0,0,0,1.80545,0,0,0,0,0,0,3,0,0,0.044952,0,0,0,1,9,0,3,1,3,0,0,3,0,4,0,0,0,0,0,4,0,1,0,0,0,0,0,0,0.003254,4.05,1,0,0.005863,0,21,3,0,0,0.000777,0,clean
0,0,0,2,0,0,0.043797,0,0,0,4.04276,0,0,0,2,0,0,13,0,0,0.098951,0,0,0,3,37,3,7,2,1,0,0,21,0,23,0,0,0,0,0,4,0,2,0,0,0,0,0,0,0.006805,1.01,2,0,0.003052,0,20,7,0,0,0.001232,0,buggy
1,0.002471,0.005568,3,0,1.01,0.826728,0.002226,4.04,0,13.1284,0,1.01,3.06,0,0,1,304,0.00067,0,0.34585,0,0,5.36,14,1003,0,29,1,4,0,0,406,0,249,0.005098,0.000759,0.012886,2.02,4.53,18,8.38,15,0,0,2,3.04,0,6.06,0.033948,2.02,5,0.009011,0.002338,0.014829,12,7,0.015916,7.93,0.066516,0.002621,buggy
7,0.000247,0,4,0,2.02,0.579979,0,0,0,11.5097,0,1.01,1.01,0,0,0,64,0.000311,2.02,0.315998,0,0,2.08,16,289,0,19,1,1,0,0,171,0,137,0.00158,0.000224,0.001824,1.01,1.18,16,3.25,10,0,8,0,0,0,1.01,0.034627,1.01,4,0.000315,0.001486,0.001886,14,10,0.000392,2.16,0.080062,0.00027,clean
0,0,0,2,0,0,0.042537,0,0,0,4.04276,0,0,0,1,0,0,9,0,0,0.098951,0,0,0,3,32,1,7,2,1,0,0,21,0,14,0,0,0,0,0,3,0,2,0,1,0,0,0,0,0.006805,0,2,0,0,0,15,7,0,0,0.001232,0,clean
23,0.007426,0,16,0,5.06,0.844937,0.003145,0,0.00349,20.3646,0,3.08,5.11,0,0,2,286,0.006357,4.04,0.625331,0,0,12.7,66,1041,0,64,3,9,0,1.02,2016,0,566,0.024357,0.004807,0.027531,9.15,11.39,67,14.36,38,0,29,2,3.03,0,9.15,0.087027,1.08,18,0.014234,0.000648,0.026148,15,27,0.014127,17.42,0.222811,0.008804,buggy
9,0,0,1,0,0,0,0,0,0,0,0,0,0,1,0,0,62,0,0,0,0,0.014114,0,18,369,28,18,1,2,0,0,153,1.01,147,0,0,0,0,0,19,0,12,0,11,0,0,0,0,0,0,1,0,0,0,7,8,0,0,0,0,buggy
1,0.007169,0.007987,8,1.05,1.03,0.389075,0,1.02,0.006087,13.8863,0.006808,1.01,1.04,5,0,1,59,0.006596,1.1,0.36207,0,0,2.07,10,336,0,17,1,4,0,0,136,0,79,0.008649,0.000416,0.009719,4.04,1.58,12,3.16,15,0,10,1,0,0,5.05,0.034155,1.01,10,0.007334,0.001486,0.00989,10,4,0.015566,3.76,0.060949,0.007667,buggy
1,0,0,3,0,0,0.026663,0,0,0,5.37258,0,0,0,0,0,0,8,0,0,0.129977,0,0,0,1,47,0,2,1,1,0,0,1,0,18,0,0,0,0,0,2,0,0,0,0,0,0,0,0,0.009054,1.01,3,0,0.001486,0,7,1,0,0,0.006511,0,clean
3,0.0012,0,6,0,2.03,0.705261,0.001798,0,0.000557,6.45548,0,1.02,1.03,0,0,0,34,0.00063,2.03,0.243324,0,0,3.29,3,114,0,6,1,2,0,0,15,0,36,0.007092,0.001166,0.014533,1.01,1.12,5,2.2,10,0,10,1,1.01,0,1.01,0.050105,0,6,0.000566,0,0.001844,7,3,0.000654,4.77,0.153757,0.001215,buggy
2,0.000573,0,6,0,0,0.059648,0,0,0,6.72719,0,1.02,1.02,0,0,1,15,0.000672,0,0.154262,0,0,1.07,6,48,2,7,1,1,0,0,21,0,27,0.00062,0,0.000605,5.05,1.11,7,3.16,1,0,0,2,0,0,5.05,0.008623,1.01,7,0.004292,0.001486,0.001503,13,4,0.004625,1.2,0.000428,0.000668,clean
0,0,0,2,0,0,0.024276,0,0,0,4.89304,0,0,0,0,0,0,22,0,0,0.11455,0,0,0,7,98,0,4,1,2,0,0,6,0,36,0,0,0,1.01,0,9,0,2,0,2,1,0,0,1.01,0.006911,1.01,2,0.002039,0.001486,0,7,3,0.001769,0,0.000853,0,clean
0,0,0,1,0,0,0,0,0,0,0,0,0,0,0,0,0,0,0,0,0,0,0,0,0,0,0,0,1,0,0,0,0,0,0,0,0,0,0,0,0,0,2,0,0,0,0,0,0,0,0,1,0,0,0,7,0,0,0,0,0,clean
16,0.015966,0.015282,43,5.25,7.21,1.23574,0.001845,6.12,0.009332,27.0966,0.001775,6.15,11.25,3,1,2,264,0.005548,4.23,0.723326,0,0,23.46,30,862,0,46,1,13,0,0,1035,0,350,0.030709,0.014021,0.02965,11.15,21.27,39,23.39,34,1,23,2,3.05,0,13.22,0.071592,2.02,45,0.02221,0.002338,0.030842,11,6,0.026035,30.24,0.136933,0.016882,buggy
13,0,0.001306,3,0,0,0.240665,0,1.06,0,5.51058,0,0,0,0,0,0,122,0,0,0.182549,0,0,1.01,16,503,0,28,1,6,0,0,378,0,252,0.000676,0,0.001977,2.02,0,21,2.02,22,0,22,0,0,0,2.07,0.030961,1.01,3,0.005938,0.001486,0.002544,7,13,0.005788,2.11,0.08743,0,buggy
0,0,0,1,0,0,0,0,0,0,0,0,0,0,0,0,1,2,0,0,0,0,0,0,4,9,0,2,1,0,0,0,1,0,8,0,0,0,0,0,4,0,0,0,0,1,0,0,0,0,0,1,0,0,0,9,2,0,0,0,0,clean
0,0,0.00805,6,2.02,2.03,0.203845,0,2.15,0,9.9193,0.000999,0,0,16,0,0,11,0,0,0.23388,0,0,1.01,6,33,0,3,1,15,0,0,3,0,18,0.001262,0.001529,0.001182,3.03,0,21,0,32,0,0,0,0,0,5.18,0.014446,1.01,6,0.003051,0.001486,0,7,3,0.012586,1.02,0.002074,0,clean
0,0,0,1,0,0,0,0,0,0,0,0,0,0,0,0,0,2,0,0,0,0,0,0,2,6,0,2,1,0,0,0,1,0,8,0,0,0,0,0,2,0,0,0,0,0,0,0,0,0,0,1,0,0,0,9,2,0,0,0,0,clean
0,0,0,2,1.01,1.01,0.056529,0,0,0,6.45874,0,0,0,22,0,0,0,0,0,0.184811,0,0.002083,0,0,0,3,0,2,0,0,0,0,1.03,0,0,0.001279,0,0,0,0,0,23,0,1,0,0,0,0,0.022565,1.02,2,0,0.001612,0,12,0,0,0,0.05681,0,clean
8,0.017453,0.005894,17,0,5.08,0.97837,0.003439,3.04,0.002274,26.2611,0,7.08,12.24,0,0,0,195,0.011766,5.08,0.721127,0,0.007031,20.25,21,513,1,45,2,5,0,1.01,990,2.03,322,0.031351,0.004235,0.033236,9.14,21.1,22,22.85,21,0,18,2,3.04,0.000559,10.15,0.078929,3.07,18,0.015211,0.005193,0.034681,16,4,0.017725,23.29,0.170939,0.019785,buggy
0,0.000708,0,4,0,0,0.052113,0,0,0,8.38997,0,0,1.01,0,0,0,28,0,0,0.228558,0,0,1.02,3,95,0,9,1,2,0,0,36,0,57,0.000794,0,0.001602,1.01,1.08,5,1.01,2,0,2,0,0,0,1.01,0.025207,1.01,4,0.008318,0.001486,0.000727,9,3,0.008008,2.11,0.06042,0.00086,buggy
0,0,0,2,0,0,0.022188,0,0,0,2.99956,0,0,0,0,0,0,7,0,0,0.077213,0,0,0,2,28,0,4,1,4,0,0,6,0,8,0,0,0,0,0,6,0,1,0,0,0,0,0,0,0.006202,1.01,2,0,0.001486,0,7,4,0,0,0.003079,0,clean
0,0,0,1,0,0,0,0,0,0,0,0,0,0,0,0,0,2,0,0,0,0,0,0,3,10,0,2,1,1,0,0,1,0,6,0,0,0,0,0,4,0,1,0,1,0,0,0,0,0,0,1,0,0,0,8,2,0,0,0,0,buggy
0,0.000708,0.006753,1,0,1.04,0.029826,0.000876,5.06,0.000739,6.91692,0,0,1.02,0,0,0,34,0,1.03,0.220354,0,0,2.04,4,81,0,8,1,11,0,0,28,0,39,0.001394,0.000759,0.00923,0,1.13,15,2.06,6,0,5,0,1.02,0,5.06,0.037388,1.01,1,0,0.001486,0.001492,7,8,0.007477,3.2,0.118994,0.00086,buggy
0,0.000573,0,0,1.01,1.01,0.019633,0.000359,0,0,3.0823,0.00026,0,1.03,1,0,0,1,0,0,0.069144,0,0,1.03,0,4,0,1,2,1,0,0,0,0,1,0.00062,0.000448,0.000605,0,1.06,1,1.03,1,0,0,0,1.03,0,0,0.003572,3.05,0,0,0.002302,0.000635,12,1,0,1.1,0.000061,0.000668,clean
1,0,0,1,0,0,0.030161,0,0,0,1.11258,0,0,0,0,0,0,3,0,0,0.037395,0,0,0,6,15,0,3,1,0,0,0,3,0,14,0,0,0,0,0,6,0,0,0,0,0,0,0,0,0.005682,0,1,0,0,0,9,2,0,0,0.017351,0,clean
0,0,0,1,0,0,0,0,0,0,0,0,0,0,0,0,0,2,0,0,0,0,0,0,2,6,0,2,1,0,0,0,1,0,8,0,0,0,0,0,2,0,0,0,0,0,0,0,0,0,0,1,0,0,0,9,2,0,0,0,0,clean
0,0,0.005368,4,0,0,0.137283,0,4.04,0,5.08544,0,0,0,0,0,1,60,0,0,0.127419,0,0,1.03,18,252,1,33,1,19,0,0,528,0,114,0.000922,0,0.003153,4.04,0,34,2.02,14,0,14,2,0,0,5.05,0.009684,0,4,0.00927,0,0.003672,32,32,0.01225,2.09,0.006806,0,buggy
0,0,0,1,0,0,0.013068,0,0,0,1.5526,0,0,0,0,0,0,13,0,0,0.037473,0,0,0,2,49,0,8,1,1,0,0,28,0,21,0,0,0,0,0,2,0,5,0,5,0,0,0,0,0.002465,0,1,0,0,0,12,7,0,0,0.000316,0,clean
1,0,0.006744,2,0,0,0.033341,0,1.01,0,1.00337,0,0,0,1,0,0,33,0,0,0.059163,0,0,0,6,86,0,14,1,7,0,0,91,0,43,0,0,0,0,0,13,0,6,0,4,0,0,0,1.01,0.018425,0,2,0,0,0,14,8,0.007516,0,0.064115,0,clean
1,0,0,1,0,0,0.030216,0,0,0,2.23731,0,0,0,0,0,0,17,0,0,0.053999,0,0,0,7,68,0,11,1,0,0,0,55,0,22,0,0,0,1.01,0,7,0,2,0,2,0,0,0,1.01,0.003552,0,1,0.002039,0,0,17,10,0.001769,0,0.000455,0,buggy
1,0.007169,0.007987,6,0,2.06,0.189308,0.007725,1.02,0.019631,4.27896,0,0,1.03,0,0,0,26,0,2.04,0.22498,0,0,2.07,15,77,0,7,2,3,0,0,21,0,36,0.012294,0.018749,0.019898,1.08,1.15,17,2.16,18,0,14,0,2.04,0,1.09,0.062831,1.01,6,0.008318,0.001026,0.011875,11,5,0.008008,3.29,0.215324,0.007667,clean
0,0.000708,0.005087,2,0,1.02,0.050055,0.000876,3.03,0.000739,4.23984,0,0,1.04,0,5,0,13,0,1.02,0.137633,2.02,0,3.06,4,36,0,10,2,11,0.005831,0,45,0,15,0.014538,0.000759,0.014214,3.05,1.46,14,3.1,4,0,4,0,1.08,0,4.05,0.023347,2.03,2,0.01388,0.002338,0.014779,20,6,0.017712,3.15,0.083149,0.00086,buggy
0,0,0.01214,0,0,0,0.004036,0,5.22,0,1.27192,0,0,0,0,0,0,8,0,0,0.031256,0,0,0,4,24,0,4,1,18,0,0,6,0,17,0,0,0,0,0,22,0,2,0,2,0,0,0,5.22,0.002174,1.01,1,0,0.001486,0,7,4,0.013314,0,0.000405,0,clean
0,0,0,1,0,0,0,0,0,0,0,0,0,0,0,0,0,1,0,0,0,0,0,0,1,3,0,1,1,0,0,0,0,0,2,0,0,0,0,0,1,0,0,0,0,0,0,0,0,0,0,1,0,0,0,8,1,0,0,0,0,clean
0,0,0,1,0,0,0,0,0,0,0,0,0,0,0,0,0,0,0,0,0,0,0,0,0,0,0,1,1,1,0,0,0,0,1,0,0,0,0,0,1,0,0,0,0,0,0,0,0,0,0,1,0,0,0,7,1,0,0,0,0,clean
2,0.000432,0,8,1.05,0,0.08081,0,0,0.000864,9.10093,0.001024,1.01,1.01,0,0,0,42,0.000391,1.05,0.208031,0,0,4.09,7,148,0,9,1,2,0,0,36,0,60,0.002777,0,0.00277,0,1.08,9,3.11,6,0,6,0,0,0,0,0.01148,3.04,8,0,0.003319,0.002142,19,4,0,4.18,0.000415,0.0005,clean
0,0,0,2,0,0,0.015772,0,0,0,4.83075,0,0,0,0,0,0,18,0,0,0.116694,0,0,0,3,71,2,10,1,2,0,0,45,0,23,0,0,0.00077,0,0,5,0,3,0,0,0,0,0,0,0.007722,1.01,2,0,0.001486,0,13,10,0,1.01,0.001198,0,clean
1,0.001684,0.001632,9,3.05,3.05,0.253672,0.001737,2.02,0.001345,12.3019,0.001024,1.01,3.04,2,0,0,48,0.000672,2.06,0.308872,0,0,8.44,13,182,0,11,1,4,0,0,55,0,68,0.005083,0.00184,0.005271,4.06,3.34,16,8.55,11,0,9,0,3.05,0,5.06,0.027427,2.03,9,0.002631,0.002067,0.00554,18,6,0.003723,9.44,0.055303,0.002075,clean
2,0.001051,0,4,0,1.01,0.102111,0.001096,0,0.000918,7.43856,0,0,1.01,0,0,0,30,0,1.01,0.229765,0,0,3.07,12,100,0,7,1,1,0,0,21,0,45,0.008411,0.001279,0.009542,3.04,1.06,13,3.13,8,0,8,1,1.01,0,3.04,0.032853,1.01,6,0.00678,0.001486,0.008372,9,5,0.007115,4.22,0.092243,0.001109,clean
0,0,0,1,0,0,0.022196,0,0,0,2.23731,0,0,0,0,0,0,18,0,0,0.053999,0,0,0,17,89,0,4,1,1,0,0,6,0,59,0,0,0,0,0,17,0,3,0,3,0,0,0,0,0.003552,0,1,0,0,0,10,4,0,0,0.000455,0,clean
3,0,0,3,0,1.01,0.157973,0,0,0.000628,6.44925,0,0,0,0,0,0,22,0,1.01,0.156537,0,0,0,7,77,0,10,1,1,0,0,45,0,29,0,0.000627,0.000831,0,0,7,0,9,0,6,0,0,0,0,0.010857,2.05,3,0,0.002379,0,33,5,0,1.08,0.00528,0,buggy
0,0,0,1,0,0,0,0,0,0,0,0,0,0,0,0,0,2,0,0,0,0,0,0,2,6,0,2,1,0,0,0,1,0,8,0,0,0,0,0,2,0,0,0,0,0,0,0,0,0,0,1,0,0,0,9,2,0,0,0,0,clean
0,0,0.001484,1,0,0,0.008932,0,2.02,0,3.66738,0,0,0,0,4,0,5,0,0,0.084597,2.02,0,0,0,14,0,4,1,7,0.005831,0,6,0,4,0,0,0,0,0,7,0,2,0,2,0,0,0,2.02,0.004853,2.02,1,0,0.001889,0,10,2,0.001878,0,0.000408,0,buggy
0,0,0,0,0,0,0.023337,0,0,0,3.36934,0,0,0,0,0,0,2,0,0,0.079924,0,0,0,0,6,0,2,1,1,0,0,1,0,3,0,0,0,0,0,1,0,1,0,0,0,0,0,0,0.005041,1.01,0,0,0.001486,0,8,2,0,0,0.000804,0,clean
0,0,0.001413,0,0,0,0.023337,0,2.02,0,3.36934,0,0,0,1,0,0,9,0,0,0.079924,0,0,0,3,30,0,4,1,1,0,0,6,0,14,0,0,0,1.01,0,4,0,2,0,1,0,0,0,3.03,0.005041,3.04,0,0.00107,0.003319,0,19,4,0.002625,0,0.000804,0,clean
2,0.000782,0,3,1.01,0,0.159463,0.000219,0,0.000396,6.88373,0.000276,2.02,2.03,0,0,0,10,0.000911,1.01,0.160984,0,0,2.06,6,59,0,3,1,0,0,0,3,0,20,0.000765,0,0.001014,2.03,2.07,6,2.11,1,0,1,0,1.03,0,2.03,0.009718,2.04,3,0.001051,0.001702,0.001337,7,1,0.001186,2.49,0.001616,0.001047,buggy
0,0.001601,0.0163,6,0,1.01,0.242556,0.002044,5.06,0.001852,3.66794,0,0,2.03,0,0,1,30,0,1.01,0.133375,0,0,3.11,10,155,0,12,1,9,0,0,66,0,83,0.011823,0.002262,0.012005,3.03,2.3,19,3.29,7,0,7,1,2.03,0,5.07,0.024065,0,6,0.011515,0,0.011429,7,12,0.012163,3.53,0.082399,0.00253,buggy
0,0,0,1,0,0,0,0,0,0,0,0,0,0,0,0,0,0,0,0,0,0,0,0,0,0,0,0,1,0,0,0,0,0,0,0,0,0,0,0,0,0,0,0,0,0,0,0,0,0,0,1,0,0,0,7,0,0,0,0,0,clean
0,0.000329,0,5,0,1.01,0.078387,0,0,0.000783,6.22082,0,0,1.01,0,0,0,15,0,1.01,0.171417,0,0,3.04,0,52,19,6,1,1,0,0,15,4.05,25,0.006416,0.00076,0.007735,0,1.05,1,3.07,4,0,4,0,1.01,0,0,0.017956,2.02,6,0,0.001827,0.006452,11,6,0,5.12,0.038027,0.000543,buggy
2,0.00114,0,1,0,1.01,0.003835,0,0,0,1.56389,0,2.02,2.02,0,0,0,16,0,1.01,0.034973,0,0,2.02,4,70,0,6,1,2,0,0,15,0,16,0.002564,0.001549,0.002602,1.01,2.1,5,2.04,4,0,4,0,0,0,1.01,0.001787,3.04,1,0.004607,0.002877,0.002897,27,1,0.004539,2.14,0.000027,0.001213,clean
11,0.019623,0.01042,44,1.01,7.15,1.00321,0.015215,5.06,0.007928,30.7015,0.000516,4.07,12.31,1,2,4,211,0.009398,7.14,0.824092,0,0,22.35,32,705,0,64,1,11,0,0,2016,0,385,0.034523,0.007228,0.037732,15.28,26.88,38,23.43,24,1,22,8,9.19,0,16.28,0.082261,9.16,46,0.025798,0.012275,0.034591,44,39,0.027246,29.94,0.156827,0.021427,buggy
0,0,0,2,0,0,0.025222,0,0,0,2.7276,0,0,0,0,0,1,1,0,0,0.066461,0,0,0,4,7,0,1,1,0,0,0,0,0,7,0,0,0,0,0,4,0,0,0,0,1,0,0,0,0.004504,0,2,0,0,0,8,1,0,0,0.000717,0,clean
2,0.014418,0.000789,22,0,7.16,0.427406,0.011734,2.03,0.00333,21.7572,0,3.04,8.39,0,0,2,147,0.002268,5.13,0.579346,0,0,12.92,17,425,0,75,2,9,0,1.01,2775,0,180,0.01511,0.004055,0.023862,6.17,29.45,24,15.46,26,0,11,4,7.21,0.00022,8.17,0.058311,7.21,24,0.019565,0.012282,0.024088,48,35,0.02116,17.82,0.123561,0.015859,buggy
5,0.002363,0.0009,7,0,4.33,0.995158,0.000876,1.01,0.003734,13.805,0,3.05,4.08,0,0,0,59,0.001833,6.23,0.354113,0,0,12.69,11,246,0,12,1,1,0,0,66,0,78,0.008795,0.002853,0.00946,4.14,4.6,11,6.73,30,0,19,1,1.01,0,4.14,0.03217,4.23,7,0.002666,0.003376,0.004642,33,5,0.002794,15.7,0.059298,0.002749,buggy
2,0.000186,0,2,0,1.02,0.142542,0.000303,1.01,0.000535,5.27095,0,0,1.01,0,0,0,30,0,1.02,0.136117,0,0,2.08,6,78,0,10,1,2,0,0,45,0,37,0.001391,0.000514,0.001392,0,1.09,8,2.11,2,0,2,1,1.01,0,1.01,0.011396,0,3,0,0,0.001406,13,8,0.000472,2.22,0.011454,0.000295,buggy
1,0,0.006744,3,0,0,0.037782,0,1.01,0,1.38948,0,0,0,1,0,0,52,0,0,0.086965,0,0.014114,1.07,10,124,31,20,2,4,0,0,190,1.01,67,0.005434,0,0.005104,0,0,12,1.07,3,0,2,0,0,0,1.01,0.028078,0,3,0,0,0.004012,27,14,0.007516,1.09,0.092719,0,clean
8,0,0,4,0,1.01,0.38182,0,0,0.002002,2.95723,0,0,0,0,0,0,42,0,1.01,0.178434,0,0,2.11,9,177,0,16,2,3,0,0,120,0,101,0.003891,0.001932,0.016911,1.02,0,11,2.2,5,0,5,1,0,0,1.02,0.051926,0,4,0,0,0.013302,16,6,0,3.34,0.15454,0,clean
0,0.000946,0,3,0,1.02,0.119214,0.000965,0,0.000672,4.60695,0,0,1.04,0,0,0,11,0,1.02,0.112732,0,0.000966,1.04,4,33,2,4,2,1,0,0,6,1.01,22,0.000954,0.000581,0.00101,0,1.22,5,1.13,1,0,1,0,1.04,0,0,0.007888,13.4,3,0,0.019677,0.000865,97,4,0,1.14,0.002576,0.000859,buggy
2,0,0.002331,2,0,1.01,0.201274,0,4.05,0.000599,7.2789,0,0,0,0,0,0,46,0,1.01,0.168955,0,0,1.08,4,186,0,9,1,4,0,0,36,0,51,0.000249,0.000589,0.000473,2.02,0,8,1.07,2,0,2,0,0,0,6.07,0.009963,2.09,2,0.001725,0.001734,0.000803,7,7,0.004652,1.21,0.001576,0,buggy
0,0,0,1,0,0,0.010707,0,0,0,1.5526,0,0,0,0,0,0,4,0,0,0.037473,0,0,0,4,21,0,4,1,1,0,0,6,0,10,0,0,0,0,0,4,0,2,0,2,0,0,0,0,0.002465,0,1,0,0,0,10,4,0,0,0.000316,0,clean
0,0,0,1,0,0,0,0,0,0,0,0,0,0,0,0,0,0,0,0,0,0,0,0,0,0,0,0,1,0,0,0,0,0,0,0,0,0,0,0,0,0,0,0,0,0,0,0,0,0,0,1,0,0,0,7,0,0,0,0,0,clean
0,0,0,4,0,0,0.270869,0,0,0,7.8367,0,0,0,0,0,1,10,0,0,0.262245,0,0,1.02,7,45,1,7,2,1,0,0,21,0,24,0.00241,0,0.002354,1.02,0,7,1.06,2,0,0,1,0,0,1.02,0.044914,0,4,0.002,0,0.00251,15,6,0.002427,1.11,0.134582,0,buggy
0,0,0,1,0,0,0,0,0,0,0,0,0,0,0,0,0,5,0,0,0,0,0,0,0,18,0,5,1,5,0,0,10,0,5,0,0,0,0,0,5,0,6,0,4,0,0,0,0,0,0,1,0,0,0,7,5,0,0,0,0,clean
0,0,0,1,0,0,0,0,0,0,0,0,0,0,0,0,0,2,0,0,0,0,0,0,2,6,0,2,1,0,0,0,1,0,8,0,0,0,0,0,2,0,0,0,0,0,0,0,0,0,0,1,0,0,0,9,2,0,0,0,0,clean
0,0,0,1,1.01,1.01,0.026434,0,0,0,2.80848,0,0,0,0,0,0,1,0,0,0.068515,0,0,0,1,3,0,2,1,1,0,0,1,0,3,0,0,0,0,0,2,0,0,0,0,0,0,0,0,0.004675,1.01,1,0,0.001486,0,8,2,0,0,0.000873,0,clean
0,0,0,3,0,0,0.075414,0,0,0,5.00534,0,0,0,0,0,0,14,0,0,0.125917,0,0,1.01,5,62,3,7,2,1,0,0,21,0,29,0.001387,0,0.001321,1.01,0,6,1.02,0,0,0,0,0,0,1.01,0.009517,1.01,3,0.002039,0.003052,0.00135,20,7,0.001769,1.14,0.004293,0,clean
0,0,0,4,0,1.02,0.231255,0,0,0,7.7601,0,0,0,0,0,1,38,0,1.02,0.206167,0,0,2.05,11,120,0,20,2,1,0,0,190,0,54,0.000378,0,0.00297,2.03,0,12,2.04,6,0,2,1,0,0,2.03,0.019181,1.01,4,0.002812,0.000654,0.001941,42,17,0.002744,3.08,0.027731,0,clean
0,0.001453,0.010607,16,2.02,1.04,0.243089,0.00137,4.08,0.001414,17.541,0.000918,1.02,2.07,0,0,1,52,0.000791,2.05,0.472579,0,0,9.27,17,159,0,18,1,11,0,0,153,0,73,0.01553,0.000759,0.016342,6.08,3.34,25,7.55,5,0,5,1,2.13,0,7.12,0.048429,2.04,16,0.015222,0.002338,0.012688,12,7,0.015788,9.68,0.100283,0.001833,buggy
0,0,0,1,0,0,0,0,0,0,0,0,0,0,0,0,0,1,0,0,0,0,0,0,1,3,0,1,1,0,0,0,0,0,2,0,0,0,0,0,1,0,0,0,0,0,0,0,0,0,0,1,0,0,0,8,1,0,0,0,0,clean
0,0,0,1,0,0,0,0,0,0,0,0,0,0,0,0,0,1,0,0,0,0,0,0,2,4,0,1,1,0,0,0,0,0,3,0,0,0,0,0,2,0,0,0,0,0,0,0,0,0,0,1,0,0,0,8,1,0,0,0,0,clean
2,0,0,4,0,0,0.163109,0,0,0,6.60072,0,0,0,0,0,0,22,0,0,0.179821,0,0,2.03,9,79,0,7,1,1,0,0,21,0,31,0.001732,0,0.002341,1.01,0,10,1.01,6,0,0,1,0,0,1.01,0.020596,1.01,4,0.001148,0.001486,0.00066,11,5,0.001087,3.14,0.055432,0,clean
0,0,0,1,0,0,0.03861,0,0,0,4.6384,0,0,0,0,0,0,3,0,0,0.139325,0,0,0,0,10,1,3,2,2,0,0,3,0,3,0,0,0,0,0,2,0,1,0,1,0,0,0,0,0.019227,0,1,0,0,0,17,3,0,0,0.055862,0,clean
0,0,0,1,0,0,0,0,0,0,0,0,0,0,0,0,0,1,0,0,0,0,0,0,1,3,0,1,1,0,0,0,0,0,2,0,0,0,0,0,1,0,0,0,0,0,0,0,0,0,0,1,0,0,0,8,1,0,0,0,0,clean
0,0,0,0,0,0,0.004036,0,0,0,1.27192,0,0,0,0,0,0,3,0,0,0.031256,0,0,0,3,11,0,2,1,1,0,0,1,0,5,0,0,0,0,0,3,0,2,0,2,0,0,0,0,0.002174,0,1,0,0,0,8,2,0,0,0.000405,0,clean
0,0,0,1,0,0,0,0,0,0,0,0,0,0,0,0,0,1,0,0,0,0,0,0,2,4,0,1,1,0,0,0,0,0,3,0,0,0,0,0,2,0,0,0,0,0,0,0,0,0,0,1,0,0,0,8,1,0,0,0,0,clean
0,0,0,1,0,0,0,0,0,0,0,0,0,0,0,0,0,0,0,0,0,0,0,0,0,0,0,0,1,0,0,0,0,0,0,0,0,0,0,0,0,0,0,0,0,0,0,0,0,0,0,1,0,0,0,7,0,0,0,0,0,clean
1,0,0,1,0,0,0.052387,0,0,0,3.61726,0,0,0,0,0,0,23,0,0,0.111739,0,0,0,10,173,0,12,1,1,0,0,66,0,121,0,0,0.002018,1.01,0,10,0,14,0,14,0,0,0,1.01,0.014914,0,2,0.004607,0,0,16,1,0.004539,1.04,0.041507,0,clean
1,0,0,0,0,0,0,0,0,0,0,0,0,0,0,0,0,7,0,0,0,0,0,0,3,27,0,2,1,2,0,0,1,0,18,0,0,0,0,0,5,0,0,0,0,0,0,0,0,0,0,0,0,0,0,7,1,0,0,0,0,clean
2,0.004633,0.018031,27,2.02,2.02,0.727254,0.00306,11.14,0,30.3698,0.000516,0,7.17,0,2,2,142,0,0,0.88573,0,0.004312,12.8,31,712,9,63,1,32,0,0,1953,2.03,295,0.016286,0.001116,0.029488,9.12,17.66,57,19.4,7,0,0,4,5.11,0,16.21,0.11462,4.05,28,0.011596,0.004215,0.018394,30,27,0.02518,23.19,0.267032,0.004671,buggy
0,0,0,1,0,0,0,0,0,0,0,0,0,0,0,0,0,2,0,0,0,0,0,0,2,15,0,2,1,0,0,0,1,0,10,0,0,0,0,0,2,0,0,0,0,0,0,0,0,0,0,1,0,0,0,9,2,0,0,0,0,clean
0,0,0,1,0,0,0,0,0,0,0,0,0,0,0,0,0,2,0,0,0,0,0,0,2,6,0,2,1,0,0,0,1,0,8,0,0,0,0,0,2,0,0,0,0,0,0,0,0,0,0,1,0,0,0,9,2,0,0,0,0,clean
